GRID,path,config,bytes,K,D,B,P,L,samples,median_us,min_us,max_us,p25_us,p75_us
GRID,trigger,spin-only,0,0,0,0,1,1,9,14.838,14.428,16.312,14.638,15.250
GRID,trigger,trig-B1,256,2,0,1,1,0,9,26.351,25.350,28.275,25.870,27.093
GRID,trigger,trig-B2,256,2,0,2,1,0,9,23.425,22.053,24.998,23.055,23.666
GRID,trigger,trig-B1,256,4,0,1,1,0,9,31.030,27.844,31.832,30.650,31.331
GRID,trigger,trig-B2,256,4,0,2,1,0,9,25.800,25.219,49.856,25.459,26.221
GRID,trigger,trig-B4,256,4,0,4,1,0,9,24.618,23.626,25.529,24.557,25.299
GRID,trigger,trig-B1,256,8,0,1,1,0,9,40.749,37.763,42.613,38.524,41.491
GRID,trigger,trig-B2,256,8,0,2,1,0,9,32.082,30.670,33.785,31.240,32.974
GRID,trigger,trig-B4,256,8,0,4,1,0,9,28.466,27.763,30.940,28.065,29.066
GRID,trigger,trig-B8,256,8,0,8,1,0,9,26.251,25.129,28.556,25.880,26.662
GRID,trigger,trig-B1,256,16,0,1,1,0,9,62.722,57.021,64.775,61.239,64.184
GRID,trigger,trig-B2,256,16,0,2,1,0,9,45.648,42.573,47.602,45.288,45.819
GRID,trigger,trig-B4,256,16,0,4,1,0,9,37.552,35.629,38.314,36.751,37.763
GRID,trigger,trig-B8,256,16,0,8,1,0,9,33.164,32.633,34.807,32.964,33.836
GRID,trigger,trig-B16,256,16,0,16,1,0,9,31.221,30.579,33.575,31.010,31.491
GRID,trigger,trig-B1,256,32,0,1,1,0,9,108.320,93.381,112.728,96.617,109.593
GRID,trigger,trig-B2,256,32,0,2,1,0,9,71.849,66.118,76.688,69.895,73.673
GRID,trigger,trig-B4,256,32,0,4,1,0,9,55.818,52.672,58.263,53.744,56.700
GRID,trigger,trig-B8,256,32,0,8,1,0,9,48.063,46.560,52.232,47.352,48.163
GRID,trigger,trig-B16,256,32,0,16,1,0,9,44.616,43.604,53.824,44.116,45.608
GRID,trigger,trig-B32,256,32,0,32,1,0,9,61.650,50.077,102.599,57.281,66.759
GRID,trigger,trig-B1,256,64,0,1,1,0,9,197.132,167.985,205.729,171.733,201.670
GRID,trigger,trig-B2,256,64,0,2,1,0,9,128.519,115.194,133.699,123.699,130.011
GRID,trigger,trig-B4,256,64,0,4,1,0,9,94.823,89.423,97.980,90.926,95.665
GRID,trigger,trig-B8,256,64,0,8,1,0,9,77.891,75.787,81.137,76.117,79.013
GRID,trigger,trig-B16,256,64,0,16,1,0,9,90.516,84.964,133.298,86.057,106.176
GRID,trigger,trig-B32,256,64,0,32,1,0,9,94.473,88.591,103.841,90.856,99.082
GRID,trigger,trig-B64,256,64,0,64,1,0,9,95.825,91.517,158.396,92.920,120.042
GRID,trigger,trig-B1,1024,2,0,1,1,0,9,24.347,23.084,25.199,23.456,24.688
GRID,trigger,trig-B2,1024,2,0,2,1,0,9,22.123,21.081,23.595,21.201,22.183
GRID,trigger,trig-B1,1024,4,0,1,1,0,9,29.617,27.474,31.722,28.736,29.788
GRID,trigger,trig-B2,1024,4,0,2,1,0,9,25.500,24.597,27.232,24.598,25.660
GRID,trigger,trig-B4,1024,4,0,4,1,0,9,23.225,22.344,24.838,23.045,23.816
GRID,trigger,trig-B1,1024,8,0,1,1,0,9,40.839,37.673,41.861,39.657,41.751
GRID,trigger,trig-B2,1024,8,0,2,1,0,9,32.583,30.349,32.953,31.691,32.683
GRID,trigger,trig-B4,1024,8,0,4,1,0,9,27.613,27.163,33.926,27.574,28.255
GRID,trigger,trig-B8,1024,8,0,8,1,0,9,26.031,25.520,26.962,25.770,26.261
GRID,trigger,trig-B1,1024,16,0,1,1,0,9,63.934,56.619,66.178,59.997,65.406
GRID,trigger,trig-B2,1024,16,0,2,1,0,9,46.160,42.552,48.433,44.527,46.860
GRID,trigger,trig-B4,1024,16,0,4,1,0,9,37.653,35.699,40.037,36.531,38.725
GRID,trigger,trig-B8,1024,16,0,8,1,0,9,34.156,32.984,35.820,33.205,34.617
GRID,trigger,trig-B16,1024,16,0,16,1,0,9,31.701,30.920,39.266,31.091,31.902
GRID,trigger,trig-B1,1024,32,0,1,1,0,9,108.921,93.932,111.856,99.112,110.574
GRID,trigger,trig-B2,1024,32,0,2,1,0,9,74.294,67.120,76.749,73.011,75.476
GRID,trigger,trig-B4,1024,32,0,4,1,0,9,57.251,54.305,64.264,54.956,57.802
GRID,trigger,trig-B8,1024,32,0,8,1,0,9,48.844,48.133,53.033,48.484,50.959
GRID,trigger,trig-B16,1024,32,0,16,1,0,9,60.096,53.915,122.848,57.782,64.494
GRID,trigger,trig-B32,1024,32,0,32,1,0,9,64.656,53.093,83.562,58.554,75.346
GRID,trigger,trig-B1,1024,64,0,1,1,0,9,197.202,169.629,206.721,181.642,200.539
GRID,trigger,trig-B2,1024,64,0,2,1,0,9,129.711,116.636,135.242,118.650,132.006
GRID,trigger,trig-B4,1024,64,0,4,1,0,9,95.405,91.277,97.359,92.098,96.857
GRID,trigger,trig-B8,1024,64,0,8,1,0,9,79.404,76.088,84.153,78.532,79.834
GRID,trigger,trig-B16,1024,64,0,16,1,0,9,97.679,89.604,116.024,92.850,102.097
GRID,trigger,trig-B32,1024,64,0,32,1,0,9,96.166,88.561,102.819,89.854,100.244
GRID,trigger,trig-B64,1024,64,0,64,1,0,9,95.425,88.802,142.566,94.172,104.413
GRID,trigger,trig-B1,4096,2,0,1,1,0,9,23.826,23.064,25.470,23.786,24.477
GRID,trigger,trig-B2,4096,2,0,2,1,0,9,21.832,21.020,23.837,21.442,22.554
GRID,trigger,trig-B1,4096,4,0,1,1,0,9,29.807,27.864,30.419,28.826,30.139
GRID,trigger,trig-B2,4096,4,0,2,1,0,9,25.289,24.587,25.990,25.089,25.620
GRID,trigger,trig-B4,4096,4,0,4,1,0,9,23.756,22.804,24.167,23.435,23.876
GRID,trigger,trig-B1,4096,8,0,1,1,0,9,40.198,37.562,43.485,38.174,42.252
GRID,trigger,trig-B2,4096,8,0,2,1,0,9,32.143,31.140,34.456,31.371,33.455
GRID,trigger,trig-B4,4096,8,0,4,1,0,9,27.844,27.012,33.775,27.804,28.846
GRID,trigger,trig-B8,4096,8,0,8,1,0,9,26.090,25.740,26.792,26.031,26.412
GRID,trigger,trig-B1,4096,16,0,1,1,0,9,61.739,55.728,65.837,57.962,63.944
GRID,trigger,trig-B2,4096,16,0,2,1,0,9,46.059,42.622,49.246,43.564,46.631
GRID,trigger,trig-B4,4096,16,0,4,1,0,9,37.834,36.029,39.877,37.292,38.725
GRID,trigger,trig-B8,4096,16,0,8,1,0,9,33.875,32.433,34.858,33.605,33.956
GRID,trigger,trig-B16,4096,16,0,16,1,0,9,42.362,37.483,47.162,39.036,43.855
GRID,trigger,trig-B1,4096,32,0,1,1,0,9,108.450,95.134,114.552,100.305,112.318
GRID,trigger,trig-B2,4096,32,0,2,1,0,9,74.575,67.040,77.119,71.990,75.386
GRID,trigger,trig-B4,4096,32,0,4,1,0,9,56.590,53.153,58.523,56.289,58.313
GRID,trigger,trig-B8,4096,32,0,8,1,0,9,50.668,47.512,57.150,49.456,51.500
GRID,trigger,trig-B16,4096,32,0,16,1,0,9,58.914,54.806,111.065,56.549,66.358
GRID,trigger,trig-B32,4096,32,0,32,1,0,9,61.288,56.450,89.263,59.636,74.514
GRID,trigger,trig-B1,4096,64,0,1,1,0,9,191.651,171.402,204.285,177.473,199.687
GRID,trigger,trig-B2,4096,64,0,2,1,0,9,128.188,115.805,136.094,121.125,132.266
GRID,trigger,trig-B4,4096,64,0,4,1,0,9,95.475,91.036,99.112,93.681,97.759
GRID,trigger,trig-B8,4096,64,0,8,1,0,9,87.410,79.975,107.889,84.033,88.371
GRID,trigger,trig-B16,4096,64,0,16,1,0,9,95.705,91.567,109.762,93.932,101.386
GRID,trigger,trig-B32,4096,64,0,32,1,0,9,95.665,90.164,127.747,94.813,100.815
GRID,trigger,trig-B64,4096,64,0,64,1,0,9,98.471,90.486,138.238,96.317,98.701
GRID,trigger,trig-B1,16384,2,0,1,1,0,9,23.525,22.674,25.259,23.215,24.708
GRID,trigger,trig-B2,16384,2,0,2,1,0,9,22.042,21.672,23.416,21.732,22.684
GRID,trigger,trig-B1,16384,4,0,1,1,0,9,29.137,27.633,31.010,28.395,29.617
GRID,trigger,trig-B2,16384,4,0,2,1,0,9,25.359,24.618,26.572,25.249,26.211
GRID,trigger,trig-B4,16384,4,0,4,1,0,9,23.475,22.684,24.938,23.045,23.917
GRID,trigger,trig-B1,16384,8,0,1,1,0,9,40.559,39.106,42.742,39.757,42.301
GRID,trigger,trig-B2,16384,8,0,2,1,0,9,32.412,30.719,35.529,31.501,32.954
GRID,trigger,trig-B4,16384,8,0,4,1,0,9,27.884,27.223,29.146,27.764,28.345
GRID,trigger,trig-B8,16384,8,0,8,1,0,9,38.455,29.978,53.043,32.683,43.575
GRID,trigger,trig-B1,16384,16,0,1,1,0,9,63.634,56.619,65.958,56.700,64.154
GRID,trigger,trig-B2,16384,16,0,2,1,0,9,45.108,42.211,48.454,43.284,47.162
GRID,trigger,trig-B4,16384,16,0,4,1,0,9,40.989,38.725,82.019,40.728,44.566
GRID,trigger,trig-B8,16384,16,0,8,1,0,9,49.787,42.562,69.003,44.486,54.997
GRID,trigger,trig-B16,16384,16,0,16,1,0,9,45.699,41.541,79.414,42.913,53.233
GRID,trigger,trig-B1,16384,32,0,1,1,0,9,110.484,96.116,114.382,105.775,112.628
GRID,trigger,trig-B2,16384,32,0,2,1,0,9,73.082,66.899,77.701,72.751,74.765
GRID,trigger,trig-B4,16384,32,0,4,1,0,9,67.481,59.896,94.183,63.113,72.671
GRID,trigger,trig-B8,16384,32,0,8,1,0,9,66.739,63.994,104.463,65.417,70.056
GRID,trigger,trig-B16,16384,32,0,16,1,0,9,70.788,65.787,90.756,66.058,74.334
GRID,trigger,trig-B32,16384,32,0,32,1,0,9,68.363,64.816,86.397,66.418,76.869
GRID,trigger,trig-B1,16384,64,0,1,1,0,9,190.579,170.420,207.783,180.860,200.348
GRID,trigger,trig-B2,16384,64,0,2,1,0,9,125.052,117.407,134.611,120.333,129.892
GRID,trigger,trig-B4,16384,64,0,4,1,0,9,106.556,104.723,128.218,105.364,115.504
GRID,trigger,trig-B8,16384,64,0,8,1,0,9,116.706,109.522,134.029,111.225,122.227
GRID,trigger,trig-B16,16384,64,0,16,1,0,9,124.371,118.429,163.337,119.221,136.454
GRID,trigger,trig-B32,16384,64,0,32,1,0,9,123.569,114.181,139.360,115.393,126.175
GRID,trigger,trig-B64,16384,64,0,64,1,0,9,119.762,113.630,150.382,116.195,125.222
GRID,trigger,trig-B1,65536,2,0,1,1,0,9,24.097,22.965,25.369,23.826,24.658
GRID,trigger,trig-B2,65536,2,0,2,1,0,9,29.036,23.706,40.568,24.728,33.675
GRID,trigger,trig-B1,65536,4,0,1,1,0,9,37.542,30.138,78.472,31.270,41.520
GRID,trigger,trig-B2,65536,4,0,2,1,0,9,36.481,29.698,57.812,31.341,40.759
GRID,trigger,trig-B4,65536,4,0,4,1,0,9,39.176,30.709,80.196,33.585,69.454
GRID,trigger,trig-B1,65536,8,0,1,1,0,9,44.747,42.813,55.507,43.815,48.584
GRID,trigger,trig-B2,65536,8,0,2,1,0,9,56.499,44.546,93.692,48.914,61.319
GRID,trigger,trig-B4,65536,8,0,4,1,0,9,52.282,43.404,84.614,46.410,63.403
GRID,trigger,trig-B8,65536,8,0,8,1,0,9,51.850,47.021,67.892,49.937,61.810
GRID,trigger,trig-B1,65536,16,0,1,1,0,9,78.712,70.507,89.834,75.947,87.990
GRID,trigger,trig-B2,65536,16,0,2,1,0,9,77.430,70.576,96.998,71.509,79.975
GRID,trigger,trig-B4,65536,16,0,4,1,0,9,82.049,71.268,130.623,76.428,87.138
GRID,trigger,trig-B8,65536,16,0,8,1,0,9,82.870,74.475,92.269,77.019,89.975
GRID,trigger,trig-B16,65536,16,0,16,1,0,9,81.919,75.417,87.980,77.741,84.855
GRID,trigger,trig-B1,65536,32,0,1,1,0,9,127.407,125.243,138.208,126.996,134.821
GRID,trigger,trig-B2,65536,32,0,2,1,0,9,135.051,126.024,160.140,131.565,138.869
GRID,trigger,trig-B4,65536,32,0,4,1,0,9,131.595,124.531,141.394,128.740,132.417
GRID,trigger,trig-B8,65536,32,0,8,1,0,9,134.681,129.380,143.779,130.913,141.774
GRID,trigger,trig-B16,65536,32,0,16,1,0,9,136.204,130.733,157.906,130.884,140.643
GRID,trigger,trig-B32,65536,32,0,32,1,0,9,139.581,131.906,159.760,138.599,141.304
GRID,trigger,trig-B1,65536,64,0,1,1,0,9,239.433,234.514,256.587,237.771,244.304
GRID,trigger,trig-B2,65536,64,0,2,1,0,9,237.921,234.304,254.734,234.755,245.014
GRID,trigger,trig-B4,65536,64,0,4,1,0,9,235.376,232.461,249.363,234.154,239.624
GRID,trigger,trig-B8,65536,64,0,8,1,0,9,246.308,239.644,270.694,243.261,254.282
GRID,trigger,trig-B16,65536,64,0,16,1,0,9,249.574,245.566,270.223,247.490,251.147
GRID,trigger,trig-B32,65536,64,0,32,1,0,9,248.702,244.333,307.796,247.179,263.710
GRID,trigger,trig-B64,65536,64,0,64,1,0,9,254.333,244.744,272.177,248.882,259.553
GRID,trigger,trig-B1,262144,2,0,1,1,0,9,49.236,40.097,73.904,42.452,57.161
GRID,trigger,trig-B2,262144,2,0,2,1,0,9,40.619,38.565,62.251,39.647,47.202
GRID,trigger,trig-B1,262144,4,0,1,1,0,9,64.676,62.541,75.356,63.142,72.120
GRID,trigger,trig-B2,262144,4,0,2,1,0,9,66.399,62.421,75.165,64.044,71.038
GRID,trigger,trig-B4,262144,4,0,4,1,0,9,66.589,63.513,100.175,64.786,76.709
GRID,trigger,trig-B1,262144,8,0,1,1,0,9,115.764,108.200,136.645,113.299,127.567
GRID,trigger,trig-B2,262144,8,0,2,1,0,9,114.872,107.819,138.929,111.987,119.161
GRID,trigger,trig-B4,262144,8,0,4,1,0,9,119.943,111.326,144.600,114.903,128.149
GRID,trigger,trig-B8,262144,8,0,8,1,0,9,114.402,110.053,132.938,112.137,116.125
GRID,trigger,trig-B1,262144,16,0,1,1,0,9,208.895,203.364,213.393,206.941,209.095
GRID,trigger,trig-B2,262144,16,0,2,1,0,9,206.580,201.631,219.615,202.282,215.197
GRID,trigger,trig-B4,262144,16,0,4,1,0,9,205.708,201.050,222.632,202.462,211.780
GRID,trigger,trig-B8,262144,16,0,8,1,0,9,210.408,203.765,245.104,207.321,216.189
GRID,trigger,trig-B16,262144,16,0,16,1,0,9,205.559,203.253,220.637,203.885,209.626
GRID,trigger,spin-only,0,0,25,0,1,1,9,37.663,36.971,38.003,37.373,37.693
GRID,trigger,trig-B1,256,2,25,1,1,0,9,48.775,47.723,49.686,48.183,49.476
GRID,trigger,trig-B2,256,2,25,2,1,0,9,47.242,46.249,49.185,46.701,47.262
GRID,trigger,trig-B1,256,4,25,1,1,0,9,54.326,52.441,59.505,53.404,54.796
GRID,trigger,trig-B2,256,4,25,2,1,0,9,50.468,49.045,51.160,49.496,50.778
GRID,trigger,trig-B4,256,4,25,4,1,0,9,48.574,47.862,50.227,48.243,48.734
GRID,trigger,trig-B1,256,8,25,1,1,0,9,64.615,62.030,67.591,62.781,66.589
GRID,trigger,trig-B2,256,8,25,2,1,0,9,57.752,55.959,59.906,57.371,58.914
GRID,trigger,trig-B4,256,8,25,4,1,0,9,53.614,52.031,55.017,53.424,54.316
GRID,trigger,trig-B8,256,8,25,8,1,0,9,50.708,50.036,51.470,50.648,51.149
GRID,trigger,trig-B1,256,16,25,1,1,0,9,87.750,81.488,90.826,84.654,90.305
GRID,trigger,trig-B2,256,16,25,2,1,0,9,72.070,67.591,74.404,68.703,72.621
GRID,trigger,trig-B4,256,16,25,4,1,0,9,62.982,61.639,63.372,62.642,63.022
GRID,trigger,trig-B8,256,16,25,8,1,0,9,58.644,57.973,60.077,58.423,59.235
GRID,trigger,trig-B16,256,16,25,16,1,0,9,56.911,56.079,57.711,56.489,56.980
GRID,trigger,trig-B1,256,32,25,1,1,0,9,132.016,119.882,139.009,126.715,134.170
GRID,trigger,trig-B2,256,32,25,2,1,0,9,100.054,93.221,101.687,95.445,101.025
GRID,trigger,trig-B4,256,32,25,4,1,0,9,81.167,78.262,83.302,78.753,82.850
GRID,trigger,trig-B8,256,32,25,8,1,0,9,73.763,71.719,82.490,73.081,74.504
GRID,trigger,trig-B16,256,32,25,16,1,0,9,69.285,68.212,70.096,68.783,69.554
GRID,trigger,trig-B32,256,32,25,32,1,0,9,67.150,66.810,68.432,67.019,67.801
GRID,trigger,trig-B1,256,64,25,1,1,0,9,220.868,197.171,233.021,211.359,226.790
GRID,trigger,trig-B2,256,64,25,2,1,0,9,153.377,143.318,162.975,143.909,159.399
GRID,trigger,trig-B4,256,64,25,4,1,0,9,121.565,115.584,125.624,116.936,122.317
GRID,trigger,trig-B8,256,64,25,8,1,0,9,104.332,101.907,105.895,102.529,104.924
GRID,trigger,trig-B16,256,64,25,16,1,0,9,95.505,94.062,96.657,94.713,95.785
GRID,trigger,trig-B32,256,64,25,32,1,0,9,91.778,90.054,94.122,90.946,92.229
GRID,trigger,trig-B64,256,64,25,64,1,0,9,89.283,88.331,94.062,88.712,90.205
GRID,trigger,trig-B1,1024,2,25,1,1,0,9,48.514,47.542,50.317,48.164,49.756
GRID,trigger,trig-B2,1024,2,25,2,1,0,9,46.750,46.070,47.422,46.319,47.161
GRID,trigger,trig-B1,1024,4,25,1,1,0,9,54.646,53.464,55.858,54.195,55.096
GRID,trigger,trig-B2,1024,4,25,2,1,0,9,50.838,49.806,52.582,50.258,51.390
GRID,trigger,trig-B4,1024,4,25,4,1,0,9,48.053,47.592,48.594,47.843,48.174
GRID,trigger,trig-B1,1024,8,25,1,1,0,9,65.677,62.892,67.421,64.705,66.980
GRID,trigger,trig-B2,1024,8,25,2,1,0,9,57.131,56.109,59.315,56.569,57.872
GRID,trigger,trig-B4,1024,8,25,4,1,0,9,52.993,52.081,53.523,52.672,53.293
GRID,trigger,trig-B8,1024,8,25,8,1,0,9,51.259,50.548,52.321,51.049,51.380
GRID,trigger,trig-B1,1024,16,25,1,1,0,9,86.858,81.848,89.874,82.240,89.293
GRID,trigger,trig-B2,1024,16,25,2,1,0,9,71.118,67.641,73.453,69.434,71.509
GRID,trigger,trig-B4,1024,16,25,4,1,0,9,62.681,60.748,65.567,62.331,63.684
GRID,trigger,trig-B8,1024,16,25,8,1,0,9,59.105,57.411,60.738,58.463,59.726
GRID,trigger,trig-B16,1024,16,25,16,1,0,9,56.550,55.858,58.633,56.169,57.322
GRID,trigger,trig-B1,1024,32,25,1,1,0,9,133.098,120.383,138.839,128.088,136.173
GRID,trigger,trig-B2,1024,32,25,2,1,0,9,99.272,92.590,102.779,94.643,100.345
GRID,trigger,trig-B4,1024,32,25,4,1,0,9,81.888,79.875,87.108,81.167,83.221
GRID,trigger,trig-B8,1024,32,25,8,1,0,9,73.762,71.729,75.166,73.132,74.374
GRID,trigger,trig-B16,1024,32,25,16,1,0,9,69.524,68.373,72.821,68.934,70.075
GRID,trigger,trig-B32,1024,32,25,32,1,0,9,67.561,66.389,68.502,67.501,67.761
GRID,trigger,trig-B1,1024,64,25,1,1,0,9,222.962,207.371,232.049,216.128,229.795
GRID,trigger,trig-B2,1024,64,25,2,1,0,9,154.730,144.540,160.581,150.141,159.149
GRID,trigger,trig-B4,1024,64,25,4,1,0,9,121.145,115.063,124.671,115.404,122.708
GRID,trigger,trig-B8,1024,64,25,8,1,0,9,104.022,100.565,108.991,102.870,104.692
GRID,trigger,trig-B16,1024,64,25,16,1,0,9,94.563,93.651,97.579,94.152,95.835
GRID,trigger,trig-B32,1024,64,25,32,1,0,9,91.387,90.235,93.652,90.906,91.657
GRID,trigger,trig-B64,1024,64,25,64,1,0,9,88.983,87.880,95.044,88.581,89.043
GRID,trigger,trig-B1,4096,2,25,1,1,0,9,48.755,47.442,50.217,47.963,49.335
GRID,trigger,trig-B2,4096,2,25,2,1,0,9,46.760,45.979,47.703,46.170,47.131
GRID,trigger,trig-B1,4096,4,25,1,1,0,9,54.365,52.452,55.568,53.474,54.756
GRID,trigger,trig-B2,4096,4,25,2,1,0,9,50.378,49.306,52.712,49.657,50.768
GRID,trigger,trig-B4,4096,4,25,4,1,0,9,48.434,47.913,49.276,48.174,48.654
GRID,trigger,trig-B1,4096,8,25,1,1,0,9,65.717,61.800,66.539,65.146,66.188
GRID,trigger,trig-B2,4096,8,25,2,1,0,9,57.251,54.957,58.403,55.888,57.602
GRID,trigger,trig-B4,4096,8,25,4,1,0,9,53.203,51.921,54.065,52.892,53.684
GRID,trigger,trig-B8,4096,8,25,8,1,0,9,50.909,50.257,53.203,50.508,51.429
GRID,trigger,trig-B1,4096,16,25,1,1,0,9,85.576,82.500,90.796,84.233,88.682
GRID,trigger,trig-B2,4096,16,25,2,1,0,9,70.917,68.152,74.284,68.623,71.689
GRID,trigger,trig-B4,4096,16,25,4,1,0,9,63.142,61.159,65.366,62.331,63.893
GRID,trigger,trig-B8,4096,16,25,8,1,0,9,58.353,57.832,63.052,58.152,58.994
GRID,trigger,trig-B16,4096,16,25,16,1,0,9,56.459,56.099,57.001,56.269,56.900
GRID,trigger,trig-B1,4096,32,25,1,1,0,9,130.393,118.791,138.328,129.692,134.311
GRID,trigger,trig-B2,4096,32,25,2,1,0,9,98.922,92.028,104.192,92.409,101.056
GRID,trigger,trig-B4,4096,32,25,4,1,0,9,81.518,78.612,83.932,79.945,83.391
GRID,trigger,trig-B8,4096,32,25,8,1,0,9,72.942,71.709,74.013,72.110,73.963
GRID,trigger,trig-B16,4096,32,25,16,1,0,9,68.793,68.473,73.563,68.713,70.086
GRID,trigger,trig-B32,4096,32,25,32,1,0,9,67.661,67.030,68.693,67.321,67.782
GRID,trigger,trig-B1,4096,64,25,1,1,0,9,219.695,196.130,231.769,211.379,224.996
GRID,trigger,trig-B2,4096,64,25,2,1,0,9,155.391,143.037,161.743,152.315,158.587
GRID,trigger,trig-B4,4096,64,25,4,1,0,9,121.285,117.829,123.299,120.974,122.387
GRID,trigger,trig-B8,4096,64,25,8,1,0,9,103.370,99.663,104.402,100.595,103.751
GRID,trigger,trig-B16,4096,64,25,16,1,0,9,95.155,93.351,97.759,94.092,95.585
GRID,trigger,trig-B32,4096,64,25,32,1,0,9,90.835,90.165,91.888,90.365,91.677
GRID,trigger,trig-B64,4096,64,25,64,1,0,9,89.082,88.151,90.756,88.411,89.723
GRID,trigger,trig-B1,16384,2,25,1,1,0,9,48.825,48.204,51.510,48.584,48.935
GRID,trigger,trig-B2,16384,2,25,2,1,0,9,46.851,45.919,47.372,46.790,46.891
GRID,trigger,trig-B1,16384,4,25,1,1,0,9,54.215,52.502,55.958,53.544,55.418
GRID,trigger,trig-B2,16384,4,25,2,1,0,9,50.267,49.726,51.340,49.876,50.548
GRID,trigger,trig-B4,16384,4,25,4,1,0,9,48.344,47.543,52.322,47.943,48.444
GRID,trigger,trig-B1,16384,8,25,1,1,0,9,65.116,61.790,67.440,63.664,66.709
GRID,trigger,trig-B2,16384,8,25,2,1,0,9,57.140,55.267,58.213,56.940,57.401
GRID,trigger,trig-B4,16384,8,25,4,1,0,9,53.012,52.382,53.935,52.642,53.564
GRID,trigger,trig-B8,16384,8,25,8,1,0,9,51.109,50.357,52.231,50.608,51.570
GRID,trigger,trig-B1,16384,16,25,1,1,0,9,85.706,81.267,90.676,83.041,89.082
GRID,trigger,trig-B2,16384,16,25,2,1,0,9,70.747,68.272,72.570,69.856,71.529
GRID,trigger,trig-B4,16384,16,25,4,1,0,9,62.391,60.527,63.593,61.890,62.682
GRID,trigger,trig-B8,16384,16,25,8,1,0,9,58.173,57.501,59.736,57.872,58.894
GRID,trigger,trig-B16,16384,16,25,16,1,0,9,56.469,55.738,58.003,56.088,56.700
GRID,trigger,trig-B1,16384,32,25,1,1,0,9,132.156,119.631,137.807,127.186,133.880
GRID,trigger,trig-B2,16384,32,25,2,1,0,9,99.293,92.109,102.298,93.511,99.913
GRID,trigger,trig-B4,16384,32,25,4,1,0,9,81.578,79.424,87.009,80.115,82.780
GRID,trigger,trig-B8,16384,32,25,8,1,0,9,72.811,71.538,78.372,72.060,74.294
GRID,trigger,trig-B16,16384,32,25,16,1,0,9,69.985,68.613,74.704,68.853,72.160
GRID,trigger,trig-B32,16384,32,25,32,1,0,9,67.501,66.900,68.052,67.040,67.621
GRID,trigger,trig-B1,16384,64,25,1,1,0,9,215.227,194.216,236.327,208.825,232.631
GRID,trigger,trig-B2,16384,64,25,2,1,0,9,153.738,142.897,157.625,150.952,155.020
GRID,trigger,trig-B4,16384,64,25,4,1,0,9,120.403,113.650,124.572,118.750,122.948
GRID,trigger,trig-B8,16384,64,25,8,1,0,9,120.153,110.073,135.282,112.227,131.424
GRID,trigger,trig-B16,16384,64,25,16,1,0,9,117.067,115.284,123.239,116.506,119.472
GRID,trigger,trig-B32,16384,64,25,32,1,0,9,118.570,115.764,155.692,116.977,125.393
GRID,trigger,trig-B64,16384,64,25,64,1,0,9,118.299,115.764,129.481,116.075,123.098
GRID,trigger,trig-B1,65536,2,25,1,1,0,9,48.954,47.983,49.355,48.885,49.075
GRID,trigger,trig-B2,65536,2,25,2,1,0,9,46.590,46.070,47.672,46.420,47.442
GRID,trigger,trig-B1,65536,4,25,1,1,0,9,54.035,53.293,55.848,53.684,55.488
GRID,trigger,trig-B2,65536,4,25,2,1,0,9,50.527,49.075,50.769,49.576,50.618
GRID,trigger,trig-B4,65536,4,25,4,1,0,9,47.973,47.402,48.794,47.632,48.454
GRID,trigger,trig-B1,65536,8,25,1,1,0,9,66.559,62.310,69.895,64.335,67.210
GRID,trigger,trig-B2,65536,8,25,2,1,0,9,57.131,55.948,58.583,56.289,57.682
GRID,trigger,trig-B4,65536,8,25,4,1,0,9,52.873,52.231,54.676,52.622,53.774
GRID,trigger,trig-B8,65536,8,25,8,1,0,9,51.369,50.548,52.953,51.009,51.971
GRID,trigger,trig-B1,65536,16,25,1,1,0,9,86.307,81.357,91.237,83.863,89.002
GRID,trigger,trig-B2,65536,16,25,2,1,0,9,73.171,71.078,84.584,71.889,76.167
GRID,trigger,trig-B4,65536,16,25,4,1,0,9,78.662,71.499,104.021,74.314,79.424
GRID,trigger,trig-B8,65536,16,25,8,1,0,9,86.076,71.498,117.397,81.899,88.401
GRID,trigger,trig-B16,65536,16,25,16,1,0,9,78.562,73.372,89.584,76.208,85.856
GRID,trigger,trig-B1,65536,32,25,1,1,0,9,133.388,127.507,138.027,131.304,134.731
GRID,trigger,trig-B2,65536,32,25,2,1,0,9,128.168,125.263,144.009,126.244,135.322
GRID,trigger,trig-B4,65536,32,25,4,1,0,9,133.979,124.711,171.321,126.114,154.039
GRID,trigger,trig-B8,65536,32,25,8,1,0,9,136.564,128.800,144.791,131.895,140.161
GRID,trigger,trig-B16,65536,32,25,16,1,0,9,133.679,131.725,140.993,132.837,135.713
GRID,trigger,trig-B32,65536,32,25,32,1,0,9,138.528,129.902,146.223,132.837,141.605
GRID,trigger,trig-B1,65536,64,25,1,1,0,9,240.636,235.316,268.540,238.632,242.199
GRID,trigger,trig-B2,65536,64,25,2,1,0,9,242.099,232.901,302.085,237.400,251.547
GRID,trigger,trig-B4,65536,64,25,4,1,0,9,236.458,232.069,247.179,234.725,239.965
GRID,trigger,trig-B8,65536,64,25,8,1,0,9,246.879,239.404,288.258,242.500,248.681
GRID,trigger,trig-B16,65536,64,25,16,1,0,9,249.824,244.063,279.692,247.208,260.565
GRID,trigger,trig-B32,65536,64,25,32,1,0,9,247.259,244.123,270.023,246.057,250.516
GRID,trigger,trig-B64,65536,64,25,64,1,0,9,245.816,245.014,250.825,245.516,246.899
GRID,trigger,trig-B1,262144,2,25,1,1,0,9,49.035,47.963,50.307,48.374,49.446
GRID,trigger,trig-B2,262144,2,25,2,1,0,9,46.740,46.059,47.782,46.259,46.991
GRID,trigger,trig-B1,262144,4,25,1,1,0,9,68.172,62.521,85.876,64.976,73.793
GRID,trigger,trig-B2,262144,4,25,2,1,0,9,72.421,63.743,78.813,67.270,73.041
GRID,trigger,trig-B4,262144,4,25,4,1,0,9,68.112,64.665,85.255,65.857,69.204
GRID,trigger,trig-B1,262144,8,25,1,1,0,9,113.320,108.581,139.330,109.161,117.819
GRID,trigger,trig-B2,262144,8,25,2,1,0,9,112.257,108.861,122.838,111.386,116.215
GRID,trigger,trig-B4,262144,8,25,4,1,0,9,113.931,108.771,123.148,111.085,118.370
GRID,trigger,trig-B8,262144,8,25,8,1,0,9,118.319,111.205,130.412,113.980,121.866
GRID,trigger,trig-B1,262144,16,25,1,1,0,9,205.377,199.827,243.271,201.761,207.792
GRID,trigger,trig-B2,262144,16,25,2,1,0,9,205.008,200.057,218.764,203.514,206.831
GRID,trigger,trig-B4,262144,16,25,4,1,0,9,206.360,202.593,225.517,205.738,209.566
GRID,trigger,trig-B8,262144,16,25,8,1,0,9,206.901,202.642,244.253,204.186,209.666
GRID,trigger,trig-B16,262144,16,25,16,1,0,9,207.482,202.943,237.961,204.356,212.372
GRID,trigger,spin-only,0,0,100,0,1,1,9,112.218,111.596,112.838,112.157,112.427
GRID,trigger,trig-B1,256,2,100,1,1,0,9,123.830,122.738,125.503,123.108,124.131
GRID,trigger,trig-B2,256,2,100,2,1,0,9,121.775,121.055,122.878,121.476,122.117
GRID,trigger,trig-B1,256,4,100,1,1,0,9,129.711,127.817,131.344,128.469,130.342
GRID,trigger,trig-B2,256,4,100,2,1,0,9,125.483,124.090,127.277,124.761,126.115
GRID,trigger,trig-B4,256,4,100,4,1,0,9,122.958,122.437,123.820,122.597,123.069
GRID,trigger,trig-B1,256,8,100,1,1,0,9,140.512,137.407,142.376,139.210,142.115
GRID,trigger,trig-B2,256,8,100,2,1,0,9,131.495,130.203,133.288,131.134,132.948
GRID,trigger,trig-B4,256,8,100,4,1,0,9,127.948,127.317,128.749,127.768,128.529
GRID,trigger,trig-B8,256,8,100,8,1,0,9,125.794,125.112,127.637,125.423,125.994
GRID,trigger,trig-B1,256,16,100,1,1,0,9,162.575,158.267,166.854,161.934,164.038
GRID,trigger,trig-B2,256,16,100,2,1,0,9,145.943,143.407,148.398,144.080,147.165
GRID,trigger,trig-B4,256,16,100,4,1,0,9,137.506,136.404,139.200,137.215,138.549
GRID,trigger,trig-B8,256,16,100,8,1,0,9,134.029,132.537,136.244,132.918,134.190
GRID,trigger,trig-B16,256,16,100,16,1,0,9,131.485,130.884,131.985,131.304,131.715
GRID,trigger,trig-B1,256,32,100,1,1,0,9,208.674,193.605,212.682,194.597,209.756
GRID,trigger,trig-B2,256,32,100,2,1,0,9,171.452,167.805,177.123,167.986,175.019
GRID,trigger,trig-B4,256,32,100,4,1,0,9,156.293,153.397,160.681,154.289,158.617
GRID,trigger,trig-B8,256,32,100,8,1,0,9,148.578,146.805,150.601,148.447,149.720
GRID,trigger,trig-B16,256,32,100,16,1,0,9,144.530,143.478,146.264,143.858,145.291
GRID,trigger,trig-B32,256,32,100,32,1,0,9,142.636,142.015,146.033,142.055,144.300
GRID,trigger,trig-B1,256,64,100,1,1,0,9,293.999,269.832,307.084,287.406,306.634
GRID,trigger,trig-B2,256,64,100,2,1,0,9,230.015,215.909,234.665,225.447,230.317
GRID,trigger,trig-B4,256,64,100,4,1,0,9,195.659,191.341,202.663,195.158,196.230
GRID,trigger,trig-B8,256,64,100,8,1,0,9,178.977,174.968,181.121,176.582,179.327
GRID,trigger,trig-B16,256,64,100,16,1,0,9,170.170,168.947,174.829,169.688,172.194
GRID,trigger,trig-B32,256,64,100,32,1,0,9,166.723,164.839,168.407,166.442,167.424
GRID,trigger,trig-B64,256,64,100,64,1,0,9,164.198,163.056,167.024,163.788,164.539
GRID,trigger,trig-B1,1024,2,100,1,1,0,9,123.529,122.878,127.477,123.099,124.912
GRID,trigger,trig-B2,1024,2,100,2,1,0,9,121.636,121.415,122.607,121.465,121.986
GRID,trigger,trig-B1,1024,4,100,1,1,0,9,129.200,128.068,130.613,128.770,130.072
GRID,trigger,trig-B2,1024,4,100,2,1,0,9,124.922,124.761,126.936,124.832,126.214
GRID,trigger,trig-B4,1024,4,100,4,1,0,9,123.159,122.557,125.583,123.038,123.318
GRID,trigger,trig-B1,1024,8,100,1,1,0,9,140.472,136.905,142.756,139.320,141.894
GRID,trigger,trig-B2,1024,8,100,2,1,0,9,132.216,130.773,133.428,131.344,133.028
GRID,trigger,trig-B4,1024,8,100,4,1,0,9,127.647,127.236,130.172,127.366,128.228
GRID,trigger,trig-B8,1024,8,100,8,1,0,9,126.405,125.163,127.617,125.854,126.906
GRID,trigger,trig-B1,1024,16,100,1,1,0,9,162.184,156.122,166.563,160.661,164.418
GRID,trigger,trig-B2,1024,16,100,2,1,0,9,146.624,145.041,148.647,145.482,147.636
GRID,trigger,trig-B4,1024,16,100,4,1,0,9,138.198,136.594,143.107,137.597,139.019
GRID,trigger,trig-B8,1024,16,100,8,1,0,9,133.549,132.306,137.887,132.947,134.490
GRID,trigger,trig-B16,1024,16,100,16,1,0,9,131.826,130.824,133.418,131.565,132.446
GRID,trigger,trig-B1,1024,32,100,1,1,0,9,206.690,194.487,211.540,197.793,209.386
GRID,trigger,trig-B2,1024,32,100,2,1,0,9,173.075,166.913,176.542,167.555,175.420
GRID,trigger,trig-B4,1024,32,100,4,1,0,9,157.134,153.407,159.679,155.210,158.968
GRID,trigger,trig-B8,1024,32,100,8,1,0,9,148.758,146.995,150.732,147.586,149.399
GRID,trigger,trig-B16,1024,32,100,16,1,0,9,144.881,143.638,145.812,143.909,145.512
GRID,trigger,trig-B32,1024,32,100,32,1,0,9,142.756,141.664,148.488,141.975,143.478
GRID,trigger,trig-B1,1024,64,100,1,1,0,9,296.485,272.688,307.165,291.054,306.123
GRID,trigger,trig-B2,1024,64,100,2,1,0,9,230.667,215.157,234.755,220.176,232.019
GRID,trigger,trig-B4,1024,64,100,4,1,0,9,194.707,188.475,200.388,188.936,196.440
GRID,trigger,trig-B8,1024,64,100,8,1,0,9,179.117,175.179,182.815,175.700,179.848
GRID,trigger,trig-B16,1024,64,100,16,1,0,9,170.871,169.027,175.760,169.368,172.875
GRID,trigger,trig-B32,1024,64,100,32,1,0,9,166.001,165.040,167.805,165.700,166.423
GRID,trigger,trig-B64,1024,64,100,64,1,0,9,164.759,162.966,168.776,163.888,165.631
GRID,trigger,trig-B1,4096,2,100,1,1,0,9,123.629,122.988,125.514,123.499,124.461
GRID,trigger,trig-B2,4096,2,100,2,1,0,9,122.137,121.014,122.708,121.796,122.417
GRID,trigger,trig-B1,4096,4,100,1,1,0,9,130.002,128.158,132.967,129.300,130.673
GRID,trigger,trig-B2,4096,4,100,2,1,0,9,125.804,124.090,128.369,124.852,126.134
GRID,trigger,trig-B4,4096,4,100,4,1,0,9,122.938,122.597,123.669,122.818,123.450
GRID,trigger,trig-B1,4096,8,100,1,1,0,9,140.171,138.298,143.118,138.398,141.865
GRID,trigger,trig-B2,4096,8,100,2,1,0,9,131.876,130.513,133.870,131.224,133.198
GRID,trigger,trig-B4,4096,8,100,4,1,0,9,128.348,126.986,129.541,127.728,128.800
GRID,trigger,trig-B8,4096,8,100,8,1,0,9,125.994,125.182,126.725,125.733,126.234
GRID,trigger,trig-B1,4096,16,100,1,1,0,9,161.102,157.065,166.793,158.647,165.680
GRID,trigger,trig-B2,4096,16,100,2,1,0,9,146.303,142.846,149.349,145.241,146.914
GRID,trigger,trig-B4,4096,16,100,4,1,0,9,137.567,136.665,138.519,137.296,138.047
GRID,trigger,trig-B8,4096,16,100,8,1,0,9,133.288,132.908,135.282,133.117,133.729
GRID,trigger,trig-B16,4096,16,100,16,1,0,9,131.986,130.833,133.349,131.265,132.837
GRID,trigger,trig-B1,4096,32,100,1,1,0,9,208.854,194.878,213.213,196.762,209.226
GRID,trigger,trig-B2,4096,32,100,2,1,0,9,172.714,166.884,176.401,167.645,174.798
GRID,trigger,trig-B4,4096,32,100,4,1,0,9,157.645,154.039,160.781,154.840,158.356
GRID,trigger,trig-B8,4096,32,100,8,1,0,9,148.187,146.914,151.403,147.776,149.039
GRID,trigger,trig-B16,4096,32,100,16,1,0,9,144.700,143.578,146.514,143.919,144.721
GRID,trigger,trig-B32,4096,32,100,32,1,0,9,142.897,142.035,143.709,142.516,143.117
GRID,trigger,trig-B1,4096,64,100,1,1,0,9,291.515,269.693,308.097,283.890,300.922
GRID,trigger,trig-B2,4096,64,100,2,1,0,9,231.268,216.640,236.338,225.838,233.953
GRID,trigger,trig-B4,4096,64,100,4,1,0,9,194.146,189.307,198.805,190.970,197.873
GRID,trigger,trig-B8,4096,64,100,8,1,0,9,179.237,175.951,181.231,177.965,180.039
GRID,trigger,trig-B16,4096,64,100,16,1,0,9,170.350,169.599,173.466,169.960,171.752
GRID,trigger,trig-B32,4096,64,100,32,1,0,9,166.974,165.200,171.773,166.593,167.294
GRID,trigger,trig-B64,4096,64,100,64,1,0,9,164.589,163.577,167.775,163.988,165.281
GRID,trigger,trig-B1,16384,2,100,1,1,0,9,124.231,122.728,126.275,123.318,124.882
GRID,trigger,trig-B2,16384,2,100,2,1,0,9,121.525,121.294,122.557,121.455,121.906
GRID,trigger,trig-B1,16384,4,100,1,1,0,9,129.712,128.248,130.824,129.060,130.252
GRID,trigger,trig-B2,16384,4,100,2,1,0,9,124.801,123.930,130.643,124.621,126.235
GRID,trigger,trig-B4,16384,4,100,4,1,0,9,123.058,122.588,123.399,122.898,123.179
GRID,trigger,trig-B1,16384,8,100,1,1,0,9,140.001,136.825,142.857,138.348,141.384
GRID,trigger,trig-B2,16384,8,100,2,1,0,9,131.796,130.092,134.150,130.804,132.326
GRID,trigger,trig-B4,16384,8,100,4,1,0,9,127.978,126.946,129.450,127.587,128.699
GRID,trigger,trig-B8,16384,8,100,8,1,0,9,126.064,125.463,126.434,125.764,126.354
GRID,trigger,trig-B1,16384,16,100,1,1,0,9,161.032,156.924,165.831,159.830,165.531
GRID,trigger,trig-B2,16384,16,100,2,1,0,9,145.753,143.087,148.187,144.890,146.965
GRID,trigger,trig-B4,16384,16,100,4,1,0,9,137.547,135.973,139.050,136.434,138.579
GRID,trigger,trig-B8,16384,16,100,8,1,0,9,133.398,132.738,134.822,133.369,133.729
GRID,trigger,trig-B16,16384,16,100,16,1,0,9,131.184,130.583,133.449,130.673,131.555
GRID,trigger,trig-B1,16384,32,100,1,1,0,9,204.926,193.985,214.024,197.042,210.447
GRID,trigger,trig-B2,16384,32,100,2,1,0,9,174.518,168.667,178.075,169.368,177.754
GRID,trigger,trig-B4,16384,32,100,4,1,0,9,156.743,155.030,159.028,155.682,157.966
GRID,trigger,trig-B8,16384,32,100,8,1,0,9,149.049,146.985,152.305,147.836,149.529
GRID,trigger,trig-B16,16384,32,100,16,1,0,9,144.661,143.788,146.414,143.979,145.613
GRID,trigger,trig-B32,16384,32,100,32,1,0,9,142.706,141.965,144.661,142.306,143.157
GRID,trigger,trig-B1,16384,64,100,1,1,0,9,296.935,270.334,303.367,291.224,300.943
GRID,trigger,trig-B2,16384,64,100,2,1,0,9,226.409,216.910,235.056,220.607,232.360
GRID,trigger,trig-B4,16384,64,100,4,1,0,9,195.689,189.738,199.747,193.434,198.284
GRID,trigger,trig-B8,16384,64,100,8,1,0,9,178.766,175.089,183.966,176.582,181.101
GRID,trigger,trig-B16,16384,64,100,16,1,0,9,170.400,168.867,172.384,169.218,171.322
GRID,trigger,trig-B32,16384,64,100,32,1,0,9,166.372,164.689,167.465,165.621,167.024
GRID,trigger,trig-B64,16384,64,100,64,1,0,9,163.496,163.186,165.801,163.437,163.818
GRID,trigger,trig-B1,65536,2,100,1,1,0,9,123.228,122.718,124.812,123.068,124.351
GRID,trigger,trig-B2,65536,2,100,2,1,0,9,121.927,120.804,123.339,121.735,122.647
GRID,trigger,trig-B1,65536,4,100,1,1,0,9,128.800,127.587,130.473,128.559,129.571
GRID,trigger,trig-B2,65536,4,100,2,1,0,9,125.002,124.180,126.095,124.741,125.744
GRID,trigger,trig-B4,65536,4,100,4,1,0,9,122.918,122.277,129.120,122.627,123.499
GRID,trigger,trig-B1,65536,8,100,1,1,0,9,141.044,137.516,143.027,140.041,141.273
GRID,trigger,trig-B2,65536,8,100,2,1,0,9,131.976,130.643,134.962,131.194,133.147
GRID,trigger,trig-B4,65536,8,100,4,1,0,9,127.958,127.316,129.811,127.648,128.549
GRID,trigger,trig-B8,65536,8,100,8,1,0,9,126.415,125.092,128.829,125.262,127.106
GRID,trigger,trig-B1,65536,16,100,1,1,0,9,162.054,158.266,165.311,161.172,163.507
GRID,trigger,trig-B2,65536,16,100,2,1,0,9,144.660,143.057,147.997,143.187,147.175
GRID,trigger,trig-B4,65536,16,100,4,1,0,9,137.406,136.204,139.931,136.775,137.927
GRID,trigger,trig-B8,65536,16,100,8,1,0,9,133.649,132.407,135.101,133.308,134.200
GRID,trigger,trig-B16,65536,16,100,16,1,0,9,131.455,130.984,131.705,131.265,131.585
GRID,trigger,trig-B1,65536,32,100,1,1,0,9,208.063,197.042,214.786,198.845,212.492
GRID,trigger,trig-B2,65536,32,100,2,1,0,9,172.143,167.164,178.987,168.988,177.253
GRID,trigger,trig-B4,65536,32,100,4,1,0,9,157.275,154.830,158.958,155.361,157.686
GRID,trigger,trig-B8,65536,32,100,8,1,0,9,148.338,147.085,150.942,147.656,148.798
GRID,trigger,trig-B16,65536,32,100,16,1,0,9,144.420,143.157,147.456,144.049,145.261
GRID,trigger,trig-B32,65536,32,100,32,1,0,9,142.145,141.023,144.711,141.745,142.436
GRID,trigger,trig-B1,65536,64,100,1,1,0,9,292.216,269.041,305.302,270.423,301.393
GRID,trigger,trig-B2,65536,64,100,2,1,0,9,238.652,234.595,270.955,236.358,244.674
GRID,trigger,trig-B4,65536,64,100,4,1,0,9,238.071,233.612,257.128,235.085,242.931
GRID,trigger,trig-B8,65536,64,100,8,1,0,9,249.844,240.345,260.985,245.084,254.012
GRID,trigger,trig-B16,65536,64,100,16,1,0,9,250.345,245.615,321.513,246.497,259.232
GRID,trigger,trig-B32,65536,64,100,32,1,0,9,253.441,245.235,286.485,246.738,262.919
GRID,trigger,trig-B64,65536,64,100,64,1,0,9,248.371,243.733,263.290,244.754,254.723
GRID,trigger,trig-B1,262144,2,100,1,1,0,9,124.051,123.108,125.383,123.550,124.571
GRID,trigger,trig-B2,262144,2,100,2,1,0,9,121.756,121.065,123.770,121.415,121.926
GRID,trigger,trig-B1,262144,4,100,1,1,0,9,129.220,128.028,130.523,128.640,129.772
GRID,trigger,trig-B2,262144,4,100,2,1,0,9,125.503,124.030,126.495,124.121,126.074
GRID,trigger,trig-B4,262144,4,100,4,1,0,9,123.439,122.317,124.551,122.508,124.130
GRID,trigger,trig-B1,262144,8,100,1,1,0,9,141.123,137.626,142.456,139.250,141.314
GRID,trigger,trig-B2,262144,8,100,2,1,0,9,132.426,130.553,134.120,131.725,133.208
GRID,trigger,trig-B4,262144,8,100,4,1,0,9,128.198,126.896,129.491,127.557,128.338
GRID,trigger,trig-B8,262144,8,100,8,1,0,9,126.084,125.683,127.056,125.843,126.385
GRID,trigger,trig-B1,262144,16,100,1,1,0,9,209.155,200.238,223.583,204.176,211.119
GRID,trigger,trig-B2,262144,16,100,2,1,0,9,204.697,200.158,227.130,202.482,216.790
GRID,trigger,trig-B4,262144,16,100,4,1,0,9,215.998,200.739,222.100,209.165,219.125
GRID,trigger,trig-B8,262144,16,100,8,1,0,9,206.410,201.770,218.082,203.945,210.227
GRID,trigger,trig-B16,262144,16,100,16,1,0,9,212.201,203.004,246.688,205.758,224.164
GRID,trigger,spin-only,0,0,400,0,1,1,9,412.169,411.818,413.101,412.109,412.489
GRID,trigger,trig-B1,256,2,400,1,1,0,9,423.350,422.930,424.723,423.310,424.523
GRID,trigger,trig-B2,256,2,400,2,1,0,9,421.867,421.016,422.639,421.357,422.158
GRID,trigger,trig-B1,256,4,400,1,1,0,9,430.223,427.509,431.757,429.221,430.303
GRID,trigger,trig-B2,256,4,400,2,1,0,9,425.063,424.052,426.215,424.933,425.995
GRID,trigger,trig-B4,256,4,400,4,1,0,9,423.370,422.158,424.242,422.388,423.540
GRID,trigger,trig-B1,256,8,400,1,1,0,9,440.403,437.147,442.768,438.740,441.626
GRID,trigger,trig-B2,256,8,400,2,1,0,9,432.398,430.734,433.199,430.955,432.618
GRID,trigger,trig-B4,256,8,400,4,1,0,9,428.279,426.876,429.723,427.378,428.651
GRID,trigger,trig-B8,256,8,400,8,1,0,9,426.376,425.514,427.328,426.165,426.707
GRID,trigger,trig-B1,256,16,400,1,1,0,9,463.207,457.236,465.392,461.764,465.081
GRID,trigger,trig-B2,256,16,400,2,1,0,9,446.535,443.339,449.120,445.073,447.367
GRID,trigger,trig-B4,256,16,400,4,1,0,9,437.928,435.895,438.439,436.626,438.229
GRID,trigger,trig-B8,256,16,400,8,1,0,9,433.660,432.357,435.483,433.459,433.750
GRID,trigger,trig-B16,256,16,400,16,1,0,9,431.687,431.115,433.510,431.516,431.756
GRID,trigger,trig-B1,256,32,400,1,1,0,9,502.293,495.069,512.322,496.241,509.316
GRID,trigger,trig-B2,256,32,400,2,1,0,9,474.780,466.825,478.317,470.211,476.633
GRID,trigger,trig-B4,256,32,400,4,1,0,9,456.314,454.100,458.528,455.702,457.797
GRID,trigger,trig-B8,256,32,400,8,1,0,9,448.408,447.346,450.704,447.867,448.789
GRID,trigger,trig-B16,256,32,400,16,1,0,9,444.451,444.080,446.274,444.311,445.062
GRID,trigger,trig-B32,256,32,400,32,1,0,9,442.607,441.896,443.559,442.187,442.868
GRID,trigger,trig-B1,256,64,400,1,1,0,9,593.249,567.499,606.926,569.854,600.984
GRID,trigger,trig-B2,256,64,400,2,1,0,9,529.225,515.288,534.415,521.430,532.131
GRID,trigger,trig-B4,256,64,400,4,1,0,9,493.967,488.316,498.966,489.779,497.514
GRID,trigger,trig-B8,256,64,400,8,1,0,9,478.136,475.642,480.471,476.363,479.539
GRID,trigger,trig-B16,256,64,400,16,1,0,9,470.441,468.588,471.944,469.609,470.702
GRID,trigger,trig-B32,256,64,400,32,1,0,9,466.584,465.091,468.127,466.022,467.335
GRID,trigger,trig-B64,256,64,400,64,1,0,9,464.570,463.508,467.776,464.319,464.991
GRID,trigger,trig-B1,1024,2,400,1,1,0,9,423.801,422.899,426.997,423.170,424.302
GRID,trigger,trig-B2,1024,2,400,2,1,0,9,421.476,420.644,422.810,421.246,421.827
GRID,trigger,trig-B1,1024,4,400,1,1,0,9,428.600,427.458,430.755,428.430,430.283
GRID,trigger,trig-B2,1024,4,400,2,1,0,9,424.742,423.951,427.178,424.673,425.424
GRID,trigger,trig-B4,1024,4,400,4,1,0,9,422.999,422.228,424.272,422.619,423.500
GRID,trigger,trig-B1,1024,8,400,1,1,0,9,441.104,437.116,442.157,439.121,441.566
GRID,trigger,trig-B2,1024,8,400,2,1,0,9,431.826,430.644,433.840,431.255,432.678
GRID,trigger,trig-B4,1024,8,400,4,1,0,9,428.050,426.957,428.410,427.569,428.259
GRID,trigger,trig-B8,1024,8,400,8,1,0,9,426.005,425.254,426.406,425.605,426.276
GRID,trigger,trig-B1,1024,16,400,1,1,0,9,462.136,457.867,465.642,461.675,464.329
GRID,trigger,trig-B2,1024,16,400,2,1,0,9,446.494,442.757,448.629,445.373,447.267
GRID,trigger,trig-B4,1024,16,400,4,1,0,9,437.367,435.945,439.552,436.525,438.510
GRID,trigger,trig-B8,1024,16,400,8,1,0,9,433.650,432.678,436.345,433.509,434.672
GRID,trigger,trig-B16,1024,16,400,16,1,0,9,431.455,430.734,433.289,431.245,431.666
GRID,trigger,trig-B1,1024,32,400,1,1,0,9,505.810,494.447,513.485,497.343,509.958
GRID,trigger,trig-B2,1024,32,400,2,1,0,9,472.385,467.386,479.438,469.560,475.471
GRID,trigger,trig-B4,1024,32,400,4,1,0,9,457.907,453.919,460.793,455.192,458.508
GRID,trigger,trig-B8,1024,32,400,8,1,0,9,448.459,447.367,450.412,447.788,448.859
GRID,trigger,trig-B16,1024,32,400,16,1,0,9,445.062,443.659,447.898,444.250,445.954
GRID,trigger,trig-B32,1024,32,400,32,1,0,9,442.427,441.626,444.741,442.206,442.788
GRID,trigger,trig-B1,1024,64,400,1,1,0,9,598.700,569.504,610.693,579.593,600.293
GRID,trigger,trig-B2,1024,64,400,2,1,0,9,526.369,517.292,536.459,519.757,534.064
GRID,trigger,trig-B4,1024,64,400,4,1,0,9,494.518,489.088,500.279,490.119,498.476
GRID,trigger,trig-B8,1024,64,400,8,1,0,9,479.529,475.341,484.067,477.154,481.613
GRID,trigger,trig-B16,1024,64,400,16,1,0,9,471.463,468.217,476.253,469.369,474.349
GRID,trigger,trig-B32,1024,64,400,32,1,0,9,466.213,465.141,467.476,465.793,466.544
GRID,trigger,trig-B64,1024,64,400,64,1,0,9,465.021,463.428,466.474,464.310,465.642
GRID,trigger,trig-B1,4096,2,400,1,1,0,9,423.590,422.338,424.463,423.059,424.382
GRID,trigger,trig-B2,4096,2,400,2,1,0,9,421.477,421.136,422.218,421.376,421.837
GRID,trigger,trig-B1,4096,4,400,1,1,0,9,428.660,427.599,430.794,428.460,429.932
GRID,trigger,trig-B2,4096,4,400,2,1,0,9,424.713,423.570,426.045,424.242,425.274
GRID,trigger,trig-B4,4096,4,400,4,1,0,9,423.761,422.608,429.813,423.360,424.422
GRID,trigger,trig-B1,4096,8,400,1,1,0,9,440.654,437.558,442.908,438.549,441.896
GRID,trigger,trig-B2,4096,8,400,2,1,0,9,432.227,430.604,433.119,431.927,432.919
GRID,trigger,trig-B4,4096,8,400,4,1,0,9,427.899,427.308,429.933,427.528,428.350
GRID,trigger,trig-B8,4096,8,400,8,1,0,9,426.035,425.043,426.897,425.534,426.276
GRID,trigger,trig-B1,4096,16,400,1,1,0,9,462.365,457.036,464.851,461.013,464.259
GRID,trigger,trig-B2,4096,16,400,2,1,0,9,445.483,442.417,448.870,443.419,447.857
GRID,trigger,trig-B4,4096,16,400,4,1,0,9,437.628,436.025,441.795,436.696,438.169
GRID,trigger,trig-B8,4096,16,400,8,1,0,9,433.671,432.598,434.973,433.179,434.010
GRID,trigger,trig-B16,4096,16,400,16,1,0,9,431.746,431.295,433.289,431.385,432.699
GRID,trigger,trig-B1,4096,32,400,1,1,0,9,510.589,494.889,513.555,502.213,511.892
GRID,trigger,trig-B2,4096,32,400,2,1,0,9,474.970,467.395,479.940,470.471,476.443
GRID,trigger,trig-B4,4096,32,400,4,1,0,9,456.354,453.669,458.828,455.091,457.927
GRID,trigger,trig-B8,4096,32,400,8,1,0,9,449.130,446.605,451.605,448.700,450.222
GRID,trigger,trig-B16,4096,32,400,16,1,0,9,443.890,443.148,446.184,443.690,445.202
GRID,trigger,trig-B32,4096,32,400,32,1,0,9,442.327,441.425,445.212,441.997,443.248
GRID,trigger,trig-B1,4096,64,400,1,1,0,9,599.301,570.966,606.625,572.719,602.898
GRID,trigger,trig-B2,4096,64,400,2,1,0,9,529.806,515.909,536.159,524.355,532.792
GRID,trigger,trig-B4,4096,64,400,4,1,0,9,493.656,488.606,500.630,490.079,497.684
GRID,trigger,trig-B8,4096,64,400,8,1,0,9,479.278,476.803,482.274,477.695,480.480
GRID,trigger,trig-B16,4096,64,400,16,1,0,9,470.993,468.668,475.281,470.001,471.744
GRID,trigger,trig-B32,4096,64,400,32,1,0,9,465.472,464.731,468.557,465.261,466.955
GRID,trigger,trig-B64,4096,64,400,64,1,0,9,464.970,463.628,466.393,464.069,465.362
GRID,trigger,trig-B1,16384,2,400,1,1,0,9,423.710,422.919,424.613,423.159,424.372
GRID,trigger,trig-B2,16384,2,400,2,1,0,9,422.078,421.216,422.709,421.636,422.659
GRID,trigger,trig-B1,16384,4,400,1,1,0,9,429.562,427.808,431.075,428.480,429.622
GRID,trigger,trig-B2,16384,4,400,2,1,0,9,425.464,424.312,426.797,424.893,425.624
GRID,trigger,trig-B4,16384,4,400,4,1,0,9,423.631,422.939,424.272,423.100,423.841
GRID,trigger,trig-B1,16384,8,400,1,1,0,9,440.824,437.818,442.717,439.732,442.347
GRID,trigger,trig-B2,16384,8,400,2,1,0,9,432.157,430.504,433.610,431.857,433.028
GRID,trigger,trig-B4,16384,8,400,4,1,0,9,428.270,427.018,428.941,427.558,428.610
GRID,trigger,trig-B8,16384,8,400,8,1,0,9,425.645,425.254,426.456,425.434,426.056
GRID,trigger,trig-B1,16384,16,400,1,1,0,9,461.824,455.893,465.882,456.995,464.419
GRID,trigger,trig-B2,16384,16,400,2,1,0,9,446.165,443.790,449.230,444.862,447.016
GRID,trigger,trig-B4,16384,16,400,4,1,0,9,437.858,436.055,440.684,436.907,438.940
GRID,trigger,trig-B8,16384,16,400,8,1,0,9,433.811,432.868,435.875,433.459,434.592
GRID,trigger,trig-B16,16384,16,400,16,1,0,9,431.737,430.704,432.628,431.516,431.897
GRID,trigger,trig-B1,16384,32,400,1,1,0,9,508.725,494.778,514.857,501.691,511.871
GRID,trigger,trig-B2,16384,32,400,2,1,0,9,476.012,467.625,478.377,473.658,476.493
GRID,trigger,trig-B4,16384,32,400,4,1,0,9,457.736,453.699,458.729,455.702,458.078
GRID,trigger,trig-B8,16384,32,400,8,1,0,9,448.719,446.625,451.495,447.867,449.882
GRID,trigger,trig-B16,16384,32,400,16,1,0,9,444.732,443.218,447.517,444.020,445.152
GRID,trigger,trig-B32,16384,32,400,32,1,0,9,442.878,441.385,448.288,442.337,443.118
GRID,trigger,trig-B1,16384,64,400,1,1,0,9,599.621,569.212,607.386,585.414,604.701
GRID,trigger,trig-B2,16384,64,400,2,1,0,9,529.064,517.733,536.820,525.338,532.802
GRID,trigger,trig-B4,16384,64,400,4,1,0,9,494.929,489.207,500.780,492.474,498.335
GRID,trigger,trig-B8,16384,64,400,8,1,0,9,477.805,476.213,483.006,477.354,479.579
GRID,trigger,trig-B16,16384,64,400,16,1,0,9,471.493,469.479,471.834,470.482,471.754
GRID,trigger,trig-B32,16384,64,400,32,1,0,9,466.263,465.232,472.405,466.123,468.057
GRID,trigger,trig-B64,16384,64,400,64,1,0,9,464.179,463.137,465.723,463.568,465.141
GRID,trigger,trig-B1,65536,2,400,1,1,0,9,423.941,422.849,424.382,423.430,424.242
GRID,trigger,trig-B2,65536,2,400,2,1,0,9,421.917,421.286,422.629,421.607,422.298
GRID,trigger,trig-B1,65536,4,400,1,1,0,9,429.111,427.849,430.695,428.009,430.344
GRID,trigger,trig-B2,65536,4,400,2,1,0,9,425.775,424.022,426.906,425.404,426.336
GRID,trigger,trig-B4,65536,4,400,4,1,0,9,423.420,422.449,424.443,423.119,423.690
GRID,trigger,trig-B1,65536,8,400,1,1,0,9,439.932,436.807,442.558,438.259,441.845
GRID,trigger,trig-B2,65536,8,400,2,1,0,9,432.619,431.746,434.572,431.877,432.908
GRID,trigger,trig-B4,65536,8,400,4,1,0,9,428.349,426.867,429.432,427.588,428.841
GRID,trigger,trig-B8,65536,8,400,8,1,0,9,426.175,425.204,427.939,425.594,426.386
GRID,trigger,trig-B1,65536,16,400,1,1,0,9,461.644,456.023,466.313,457.817,464.389
GRID,trigger,trig-B2,65536,16,400,2,1,0,9,444.742,442.357,447.938,442.928,447.426
GRID,trigger,trig-B4,65536,16,400,4,1,0,9,437.418,435.814,439.943,437.047,438.820
GRID,trigger,trig-B8,65536,16,400,8,1,0,9,434.051,433.139,436.155,433.520,434.792
GRID,trigger,trig-B16,65536,16,400,16,1,0,9,431.616,430.705,432.608,431.276,432.007
GRID,trigger,trig-B1,65536,32,400,1,1,0,9,508.375,496.061,515.278,502.774,513.014
GRID,trigger,trig-B2,65536,32,400,2,1,0,9,473.978,467.306,479.078,472.726,474.710
GRID,trigger,trig-B4,65536,32,400,4,1,0,9,456.705,453.638,460.151,455.593,458.578
GRID,trigger,trig-B8,65536,32,400,8,1,0,9,449.180,447.487,451.465,447.978,450.202
GRID,trigger,trig-B16,65536,32,400,16,1,0,9,444.762,443.479,448.899,443.920,445.363
GRID,trigger,trig-B32,65536,32,400,32,1,0,9,442.277,441.465,443.319,442.007,442.717
GRID,trigger,trig-B1,65536,64,400,1,1,0,9,588.721,571.767,605.042,575.284,602.447
GRID,trigger,trig-B2,65536,64,400,2,1,0,9,526.490,519.456,536.540,521.220,534.555
GRID,trigger,trig-B4,65536,64,400,4,1,0,9,496.853,489.147,498.626,493.466,497.493
GRID,trigger,trig-B8,65536,64,400,8,1,0,9,479.900,476.683,480.912,479.770,480.421
GRID,trigger,trig-B16,65536,64,400,16,1,0,9,471.033,468.387,473.969,468.538,471.965
GRID,trigger,trig-B32,65536,64,400,32,1,0,9,465.532,464.710,471.163,465.131,469.139
GRID,trigger,trig-B64,65536,64,400,64,1,0,9,463.799,462.636,465.692,463.257,464.640
GRID,trigger,trig-B1,262144,2,400,1,1,0,9,423.902,423.290,424.322,423.751,424.121
GRID,trigger,trig-B2,262144,2,400,2,1,0,9,421.526,420.795,422.198,421.316,421.807
GRID,trigger,trig-B1,262144,4,400,1,1,0,9,429.362,427.628,430.714,428.290,429.732
GRID,trigger,trig-B2,262144,4,400,2,1,0,9,425.133,424.773,427.779,424.923,425.565
GRID,trigger,trig-B4,262144,4,400,4,1,0,9,422.869,422.148,426.706,422.628,423.199
GRID,trigger,trig-B1,262144,8,400,1,1,0,9,440.593,438.489,443.639,439.912,441.495
GRID,trigger,trig-B2,262144,8,400,2,1,0,9,431.977,430.433,433.440,430.775,432.818
GRID,trigger,trig-B4,262144,8,400,4,1,0,9,427.719,426.566,428.420,427.638,428.049
GRID,trigger,trig-B8,262144,8,400,8,1,0,9,425.885,425.194,429.011,425.594,426.847
GRID,trigger,trig-B1,262144,16,400,1,1,0,9,463.157,456.354,466.914,458.107,463.769
GRID,trigger,trig-B2,262144,16,400,2,1,0,9,445.432,442.196,448.158,443.549,447.377
GRID,trigger,trig-B4,262144,16,400,4,1,0,9,437.808,435.614,439.412,437.057,438.740
GRID,trigger,trig-B8,262144,16,400,8,1,0,9,433.560,432.979,435.714,433.259,434.231
GRID,trigger,trig-B16,262144,16,400,16,1,0,9,431.536,430.864,433.179,431.356,432.718
GRID,path,config,bytes,K,D,B,P,L,samples,median_us,min_us,max_us,p25_us,p75_us
GRID,proxy,spin-only,0,0,0,0,1,1,9,13.667,13.175,14.187,13.306,13.807
GRID,proxy,proxy-P1-L1,256,2,0,0,1,1,9,25.590,23.806,26.872,25.299,25.930
GRID,proxy,proxy-P2-L1,256,2,0,0,2,1,9,22.494,20.650,23.615,22.173,22.804
GRID,proxy,proxy-P1-L1,256,4,0,0,1,1,9,30.238,29.337,32.123,29.848,31.972
GRID,proxy,proxy-P2-L1,256,4,0,0,2,1,9,26.632,25.489,29.838,25.560,27.273
GRID,proxy,proxy-P4-L1,256,4,0,0,4,1,9,26.601,25.509,28.185,25.800,26.742
GRID,proxy,proxy-P1-L1,256,8,0,0,1,1,9,42.192,41.390,44.185,41.991,42.893
GRID,proxy,proxy-P2-L1,256,8,0,0,2,1,9,31.992,31.151,32.442,31.842,32.282
GRID,proxy,proxy-P4-L1,256,8,0,0,4,1,9,32.262,28.446,37.804,31.121,33.726
GRID,proxy,proxy-P8-L1,256,8,0,0,8,1,9,39.145,36.361,40.198,38.885,39.466
GRID,proxy,proxy-P1-L1,256,16,0,0,1,1,9,67.180,66.128,68.824,66.458,67.662
GRID,proxy,proxy-P2-L1,256,16,0,0,2,1,9,44.456,43.724,45.859,43.885,44.716
GRID,proxy,proxy-P4-L1,256,16,0,0,4,1,9,41.741,38.634,43.243,41.461,42.572
GRID,proxy,proxy-P8-L1,256,16,0,0,8,1,9,52.051,46.380,61.840,49.496,53.834
GRID,proxy,proxy-P1-L1,256,32,0,0,1,1,9,115.313,114.542,118.920,115.003,117.618
GRID,proxy,proxy-P2-L1,256,32,0,0,2,1,9,68.323,68.001,70.907,68.212,68.964
GRID,proxy,proxy-P4-L1,256,32,0,0,4,1,9,63.192,61.198,70.327,61.358,67.240
GRID,proxy,proxy-P8-L1,256,32,0,0,8,1,9,72.851,65.727,77.480,71.318,75.085
GRID,proxy,proxy-P1-L1,256,64,0,0,1,1,9,216.650,210.217,219.725,213.333,217.301
GRID,proxy,proxy-P2-L1,256,64,0,0,2,1,9,119.321,118.630,120.734,119.211,119.832
GRID,proxy,proxy-P4-L1,256,64,0,0,4,1,9,107.247,98.261,114.192,102.759,107.809
GRID,proxy,proxy-P8-L1,256,64,0,0,8,1,9,115.353,108.590,127.868,113.269,116.326
GRID,proxy,proxy-P1-L1,1024,2,0,0,1,1,9,24.056,23.455,25.299,23.576,24.438
GRID,proxy,proxy-P2-L1,1024,2,0,0,2,1,9,22.403,21.993,23.045,22.082,22.734
GRID,proxy,proxy-P1-L1,1024,4,0,0,1,1,9,30.639,30.028,31.111,30.309,30.780
GRID,proxy,proxy-P2-L1,1024,4,0,0,2,1,9,25.530,25.018,26.612,25.249,25.900
GRID,proxy,proxy-P4-L1,1024,4,0,0,4,1,9,25.950,25.660,29.047,25.790,26.151
GRID,proxy,proxy-P1-L1,1024,8,0,0,1,1,9,42.612,41.591,43.094,42.282,43.083
GRID,proxy,proxy-P2-L1,1024,8,0,0,2,1,9,31.721,31.210,32.042,31.451,31.862
GRID,proxy,proxy-P4-L1,1024,8,0,0,4,1,9,31.712,30.028,33.304,31.291,32.293
GRID,proxy,proxy-P8-L1,1024,8,0,0,8,1,9,39.386,36.541,43.093,37.573,40.168
GRID,proxy,proxy-P1-L1,1024,16,0,0,1,1,9,67.350,66.589,68.152,67.080,67.601
GRID,proxy,proxy-P2-L1,1024,16,0,0,2,1,9,44.026,43.595,44.406,43.885,44.326
GRID,proxy,proxy-P4-L1,1024,16,0,0,4,1,9,43.364,40.659,44.746,42.713,44.216
GRID,proxy,proxy-P8-L1,1024,16,0,0,8,1,9,49.606,46.490,54.625,48.955,51.089
GRID,proxy,proxy-P1-L1,1024,32,0,0,1,1,9,116.666,114.522,118.079,114.813,117.518
GRID,proxy,proxy-P2-L1,1024,32,0,0,2,1,9,69.414,68.423,71.168,69.244,69.615
GRID,proxy,proxy-P4-L1,1024,32,0,0,4,1,9,66.459,62.441,68.343,64.996,66.950
GRID,proxy,proxy-P8-L1,1024,32,0,0,8,1,9,74.955,69.886,78.873,73.383,75.676
GRID,proxy,proxy-P1-L1,1024,64,0,0,1,1,9,213.875,208.674,218.303,211.790,216.018
GRID,proxy,proxy-P2-L1,1024,64,0,0,2,1,9,118.580,116.486,120.444,118.048,119.422
GRID,proxy,proxy-P4-L1,1024,64,0,0,4,1,9,107.268,103.260,115.333,105.885,108.621
GRID,proxy,proxy-P8-L1,1024,64,0,0,8,1,9,115.363,107.208,120.754,110.825,119.421
GRID,proxy,proxy-P1-L1,4096,2,0,0,1,1,9,24.277,23.465,30.169,23.866,24.898
GRID,proxy,proxy-P2-L1,4096,2,0,0,2,1,9,22.533,22.193,23.456,22.373,22.835
GRID,proxy,proxy-P1-L1,4096,4,0,0,1,1,9,30.469,29.818,31.151,30.218,30.950
GRID,proxy,proxy-P2-L1,4096,4,0,0,2,1,9,25.861,25.019,29.087,25.630,26.060
GRID,proxy,proxy-P4-L1,4096,4,0,0,4,1,9,26.892,25.810,29.176,26.431,27.093
GRID,proxy,proxy-P1-L1,4096,8,0,0,1,1,9,42.682,41.992,45.989,42.503,42.953
GRID,proxy,proxy-P2-L1,4096,8,0,0,2,1,9,32.263,31.461,33.095,31.992,32.563
GRID,proxy,proxy-P4-L1,4096,8,0,0,4,1,9,31.972,31.371,35.218,31.672,32.122
GRID,proxy,proxy-P8-L1,4096,8,0,0,8,1,9,39.867,37.593,41.530,38.665,40.599
GRID,proxy,proxy-P1-L1,4096,16,0,0,1,1,9,67.451,66.609,69.114,67.240,67.852
GRID,proxy,proxy-P2-L1,4096,16,0,0,2,1,9,44.807,44.276,47.372,44.366,44.937
GRID,proxy,proxy-P4-L1,4096,16,0,0,4,1,9,42.793,37.633,45.368,42.523,43.445
GRID,proxy,proxy-P8-L1,4096,16,0,0,8,1,9,50.828,46.380,54.987,48.724,52.963
GRID,proxy,proxy-P1-L1,4096,32,0,0,1,1,9,117.067,115.363,120.894,116.015,117.578
GRID,proxy,proxy-P2-L1,4096,32,0,0,2,1,9,69.325,68.482,70.977,68.603,69.725
GRID,proxy,proxy-P4-L1,4096,32,0,0,4,1,9,66.178,63.944,67.651,65.758,66.860
GRID,proxy,proxy-P8-L1,4096,32,0,0,8,1,9,72.500,69.043,75.948,70.356,74.073
GRID,proxy,proxy-P1-L1,4096,64,0,0,1,1,9,216.159,212.392,219.325,214.135,218.143
GRID,proxy,proxy-P2-L1,4096,64,0,0,2,1,9,118.980,117.728,120.924,118.389,120.023
GRID,proxy,proxy-P4-L1,4096,64,0,0,4,1,9,110.995,103.209,114.913,108.971,112.047
GRID,proxy,proxy-P8-L1,4096,64,0,0,8,1,9,118.630,111.977,122.948,115.113,120.965
GRID,proxy,proxy-P1-L1,16384,2,0,0,1,1,9,25.389,25.018,25.840,25.258,25.630
GRID,proxy,proxy-P2-L1,16384,2,0,0,2,1,9,23.546,22.845,23.856,22.974,23.586
GRID,proxy,proxy-P1-L1,16384,4,0,0,1,1,9,31.160,30.930,31.912,31.070,31.441
GRID,proxy,proxy-P2-L1,16384,4,0,0,2,1,9,25.990,25.820,26.511,25.900,26.381
GRID,proxy,proxy-P4-L1,16384,4,0,0,4,1,9,26.461,25.950,27.343,26.371,26.641
GRID,proxy,proxy-P1-L1,16384,8,0,0,1,1,9,43.925,42.683,46.250,43.734,44.456
GRID,proxy,proxy-P2-L1,16384,8,0,0,2,1,9,32.623,31.942,34.857,32.382,32.894
GRID,proxy,proxy-P4-L1,16384,8,0,0,4,1,9,32.463,31.441,38.414,31.841,33.805
GRID,proxy,proxy-P8-L1,16384,8,0,0,8,1,9,43.705,40.038,53.113,41.410,44.326
GRID,proxy,proxy-P1-L1,16384,16,0,0,1,1,9,68.443,67.481,69.514,67.540,68.873
GRID,proxy,proxy-P2-L1,16384,16,0,0,2,1,9,45.358,44.116,45.739,45.158,45.438
GRID,proxy,proxy-P4-L1,16384,16,0,0,4,1,9,43.544,42.071,48.184,42.983,46.240
GRID,proxy,proxy-P8-L1,16384,16,0,0,8,1,9,54.085,47.793,60.677,53.383,58.763
GRID,proxy,proxy-P1-L1,16384,32,0,0,1,1,9,118.139,116.366,119.261,116.516,118.549
GRID,proxy,proxy-P2-L1,16384,32,0,0,2,1,9,70.337,68.713,71.809,69.936,70.937
GRID,proxy,proxy-P4-L1,16384,32,0,0,4,1,9,68.132,61.680,69.635,65.467,69.184
GRID,proxy,proxy-P8-L1,16384,32,0,0,8,1,9,80.035,74.113,83.932,76.228,83.181
GRID,proxy,proxy-P1-L1,16384,64,0,0,1,1,9,214.626,211.139,220.056,212.762,216.048
GRID,proxy,proxy-P2-L1,16384,64,0,0,2,1,9,119.631,118.510,120.563,118.930,119.903
GRID,proxy,proxy-P4-L1,16384,64,0,0,4,1,9,111.366,98.581,119.892,108.029,111.817
GRID,proxy,proxy-P8-L1,16384,64,0,0,8,1,9,120.193,113.199,131.725,118.469,123.329
GRID,proxy,proxy-P1-L1,65536,2,0,0,1,1,9,26.762,25.951,27.483,26.702,27.333
GRID,proxy,proxy-P2-L1,65536,2,0,0,2,1,9,26.562,25.930,27.323,26.421,26.962
GRID,proxy,proxy-P1-L1,65536,4,0,0,1,1,9,32.673,32.292,33.114,32.543,32.924
GRID,proxy,proxy-P2-L1,65536,4,0,0,2,1,9,31.892,31.561,32.432,31.721,31.992
GRID,proxy,proxy-P4-L1,65536,4,0,0,4,1,9,32.322,31.921,33.585,32.093,32.703
GRID,proxy,proxy-P1-L1,65536,8,0,0,1,1,9,45.057,44.265,45.789,44.686,45.278
GRID,proxy,proxy-P2-L1,65536,8,0,0,2,1,9,42.803,42.412,43.664,42.602,43.173
GRID,proxy,proxy-P4-L1,65536,8,0,0,4,1,9,43.644,43.023,47.362,43.243,45.378
GRID,proxy,proxy-P8-L1,65536,8,0,0,8,1,9,58.012,49.546,62.602,57.642,58.453
GRID,proxy,proxy-P1-L1,65536,16,0,0,1,1,9,69.675,67.902,71.017,69.434,69.926
GRID,proxy,proxy-P2-L1,65536,16,0,0,2,1,9,64.234,63.864,64.965,64.144,64.646
GRID,proxy,proxy-P4-L1,65536,16,0,0,4,1,9,65.417,64.335,69.365,65.016,68.373
GRID,proxy,proxy-P8-L1,65536,16,0,0,8,1,9,84.404,78.603,91.778,83.251,87.920
GRID,proxy,proxy-P1-L1,65536,32,0,0,1,1,9,119.141,116.877,120.664,117.958,119.592
GRID,proxy,proxy-P2-L1,65536,32,0,0,2,1,9,107.798,107.368,108.169,107.548,107.859
GRID,proxy,proxy-P4-L1,65536,32,0,0,4,1,9,112.528,108.209,116.556,111.857,112.818
GRID,proxy,proxy-P8-L1,65536,32,0,0,8,1,9,130.713,121.426,135.793,126.605,131.324
GRID,proxy,proxy-P1-L1,65536,64,0,0,1,1,9,216.058,213.664,220.728,214.486,218.964
GRID,proxy,proxy-P2-L1,65536,64,0,0,2,1,9,193.896,193.505,194.337,193.775,193.926
GRID,proxy,proxy-P4-L1,65536,64,0,0,4,1,9,198.775,198.144,206.751,198.385,202.332
GRID,proxy,proxy-P8-L1,65536,64,0,0,8,1,9,221.559,216.729,225.076,217.691,222.090
GRID,proxy,proxy-P1-L1,262144,2,0,0,1,1,9,42.663,42.081,44.667,42.372,42.843
GRID,proxy,proxy-P2-L1,262144,2,0,0,2,1,9,42.673,42.131,43.404,42.492,42.753
GRID,proxy,proxy-P1-L1,262144,4,0,0,1,1,9,63.803,63.553,64.164,63.684,64.044
GRID,proxy,proxy-P2-L1,262144,4,0,0,2,1,9,64.224,63.813,65.618,63.994,65.026
GRID,proxy,proxy-P4-L1,262144,4,0,0,4,1,9,64.425,64.004,65.307,64.364,65.217
GRID,proxy,proxy-P1-L1,262144,8,0,0,1,1,9,107.148,106.406,108.149,106.807,107.258
GRID,proxy,proxy-P2-L1,262144,8,0,0,2,1,9,107.127,106.877,108.541,107.108,107.909
GRID,proxy,proxy-P4-L1,262144,8,0,0,4,1,9,107.909,107.619,112.277,107.649,111.546
GRID,proxy,proxy-P8-L1,262144,8,0,0,8,1,9,122.357,121.385,129.931,122.127,122.728
GRID,proxy,proxy-P1-L1,262144,16,0,0,1,1,9,193.705,193.044,193.976,193.585,193.756
GRID,proxy,proxy-P2-L1,262144,16,0,0,2,1,9,193.686,192.964,194.928,193.545,193.946
GRID,proxy,proxy-P4-L1,262144,16,0,0,4,1,9,194.527,193.675,198.765,194.186,197.963
GRID,proxy,proxy-P8-L1,262144,16,0,0,8,1,9,213.814,204.315,218.303,208.825,216.590
GRID,proxy,spin-only,0,0,25,0,1,1,9,36.140,35.849,36.691,36.110,36.521
GRID,proxy,proxy-P1-L1,256,2,25,0,1,1,9,47.833,46.931,49.085,47.743,47.983
GRID,proxy,proxy-P2-L1,256,2,25,0,2,1,9,45.779,45.258,46.540,45.618,46.069
GRID,proxy,proxy-P1-L1,256,4,25,0,1,1,9,53.654,53.273,55.247,53.424,53.884
GRID,proxy,proxy-P2-L1,256,4,25,0,2,1,9,48.845,48.414,49.436,48.685,48.955
GRID,proxy,proxy-P4-L1,256,4,25,0,4,1,9,48.544,48.213,49.756,48.333,48.915
GRID,proxy,proxy-P1-L1,256,8,25,0,1,1,9,66.148,65.307,66.980,66.018,66.509
GRID,proxy,proxy-P2-L1,256,8,25,0,2,1,9,55.127,54.395,55.939,55.047,55.357
GRID,proxy,proxy-P4-L1,256,8,25,0,4,1,9,54.215,53.374,54.837,53.764,54.365
GRID,proxy,proxy-P8-L1,256,8,25,0,8,1,9,54.927,51.811,55.498,53.694,55.267
GRID,proxy,proxy-P1-L1,256,16,25,0,1,1,9,90.725,88.952,91.196,90.215,91.057
GRID,proxy,proxy-P2-L1,256,16,25,0,2,1,9,67.811,66.960,68.433,67.461,68.162
GRID,proxy,proxy-P4-L1,256,16,25,0,4,1,9,64.966,62.741,65.537,64.745,65.227
GRID,proxy,proxy-P8-L1,256,16,25,0,8,1,9,63.192,62.561,66.519,62.782,63.834
GRID,proxy,proxy-P1-L1,256,32,25,0,1,1,9,139.400,138.949,142.035,139.340,141.053
GRID,proxy,proxy-P2-L1,256,32,25,0,2,1,9,92.560,90.967,93.361,91.928,92.860
GRID,proxy,proxy-P4-L1,256,32,25,0,4,1,9,85.426,81.608,88.972,83.011,87.880
GRID,proxy,proxy-P8-L1,256,32,25,0,8,1,9,83.773,80.807,87.540,83.252,86.919
GRID,proxy,proxy-P1-L1,256,64,25,0,1,1,9,238.232,235.466,242.700,236.118,241.588
GRID,proxy,proxy-P2-L1,256,64,25,0,2,1,9,142.386,139.590,144.220,141.945,142.757
GRID,proxy,proxy-P4-L1,256,64,25,0,4,1,9,126.495,122.478,131.555,122.978,129.711
GRID,proxy,proxy-P8-L1,256,64,25,0,8,1,9,126.996,121.275,138.108,124.021,129.010
GRID,proxy,proxy-P1-L1,1024,2,25,0,1,1,9,47.562,47.101,48.544,47.381,47.872
GRID,proxy,proxy-P2-L1,1024,2,25,0,2,1,9,45.709,45.237,48.294,45.528,46.159
GRID,proxy,proxy-P1-L1,1024,4,25,0,1,1,9,53.684,53.343,54.847,53.423,53.954
GRID,proxy,proxy-P2-L1,1024,4,25,0,2,1,9,48.705,48.033,49.556,48.474,49.065
GRID,proxy,proxy-P4-L1,1024,4,25,0,4,1,9,48.554,48.183,49.245,48.394,48.634
GRID,proxy,proxy-P1-L1,1024,8,25,0,1,1,9,66.418,65.587,66.989,65.907,66.459
GRID,proxy,proxy-P2-L1,1024,8,25,0,2,1,9,55.047,54.506,56.479,54.686,55.267
GRID,proxy,proxy-P4-L1,1024,8,25,0,4,1,9,54.085,53.965,54.746,54.045,54.556
GRID,proxy,proxy-P8-L1,1024,8,25,0,8,1,9,54.545,51.800,55.087,54.335,54.616
GRID,proxy,proxy-P1-L1,1024,16,25,0,1,1,9,90.736,89.353,91.618,90.375,90.986
GRID,proxy,proxy-P2-L1,1024,16,25,0,2,1,9,67.621,66.559,68.713,67.541,68.313
GRID,proxy,proxy-P4-L1,1024,16,25,0,4,1,9,65.256,62.992,68.282,65.046,65.426
GRID,proxy,proxy-P8-L1,1024,16,25,0,8,1,9,63.773,62.681,65.898,62.882,64.404
GRID,proxy,proxy-P1-L1,1024,32,25,0,1,1,9,140.152,137.997,141.323,139.169,140.772
GRID,proxy,proxy-P2-L1,1024,32,25,0,2,1,9,92.299,90.967,94.934,91.467,92.760
GRID,proxy,proxy-P4-L1,1024,32,25,0,4,1,9,85.877,80.325,89.994,84.684,87.319
GRID,proxy,proxy-P8-L1,1024,32,25,0,8,1,9,85.395,80.907,90.635,82.390,87.219
GRID,proxy,proxy-P1-L1,1024,64,25,0,1,1,9,237.961,236.829,241.728,237.089,239.444
GRID,proxy,proxy-P2-L1,1024,64,25,0,2,1,9,142.085,140.843,143.458,141.354,142.326
GRID,proxy,proxy-P4-L1,1024,64,25,0,4,1,9,128.289,124.481,133.017,125.062,129.571
GRID,proxy,proxy-P8-L1,1024,64,25,0,8,1,9,131.816,125.363,139.150,131.084,133.088
GRID,proxy,proxy-P1-L1,4096,2,25,0,1,1,9,47.492,46.861,48.644,47.282,47.712
GRID,proxy,proxy-P2-L1,4096,2,25,0,2,1,9,45.728,45.358,46.721,45.548,45.889
GRID,proxy,proxy-P1-L1,4096,4,25,0,1,1,9,54.064,53.083,57.261,53.623,54.255
GRID,proxy,proxy-P2-L1,4096,4,25,0,2,1,9,48.945,48.224,49.125,48.554,48.955
GRID,proxy,proxy-P4-L1,4096,4,25,0,4,1,9,48.684,48.374,49.526,48.514,49.105
GRID,proxy,proxy-P1-L1,4096,8,25,0,1,1,9,66.098,65.287,67.351,65.597,66.379
GRID,proxy,proxy-P2-L1,4096,8,25,0,2,1,9,54.726,54.435,55.898,54.616,55.688
GRID,proxy,proxy-P4-L1,4096,8,25,0,4,1,9,53.383,52.903,54.896,53.213,53.794
GRID,proxy,proxy-P8-L1,4096,8,25,0,8,1,9,54.536,52.481,59.214,53.273,54.937
GRID,proxy,proxy-P1-L1,4096,16,25,0,1,1,9,90.966,89.343,91.818,89.914,91.046
GRID,proxy,proxy-P2-L1,4096,16,25,0,2,1,9,67.701,67.130,69.014,67.501,68.482
GRID,proxy,proxy-P4-L1,4096,16,25,0,4,1,9,64.976,63.714,66.238,64.716,65.397
GRID,proxy,proxy-P8-L1,4096,16,25,0,8,1,9,64.756,62.050,67.691,63.062,64.785
GRID,proxy,proxy-P1-L1,4096,32,25,0,1,1,9,140.382,139.300,144.330,140.231,140.673
GRID,proxy,proxy-P2-L1,4096,32,25,0,2,1,9,91.778,91.217,92.840,91.678,92.470
GRID,proxy,proxy-P4-L1,4096,32,25,0,4,1,9,86.859,83.592,88.852,86.317,87.359
GRID,proxy,proxy-P8-L1,4096,32,25,0,8,1,9,85.817,80.967,87.099,84.794,86.938
GRID,proxy,proxy-P1-L1,4096,64,25,0,1,1,9,236.659,235.036,241.948,235.697,240.616
GRID,proxy,proxy-P2-L1,4096,64,25,0,2,1,9,141.905,140.523,143.127,141.233,142.516
GRID,proxy,proxy-P4-L1,4096,64,25,0,4,1,9,129.301,122.467,136.775,126.385,133.529
GRID,proxy,proxy-P8-L1,4096,64,25,0,8,1,9,129.852,124.531,145.653,128.879,131.725
GRID,proxy,proxy-P1-L1,16384,2,25,0,1,1,9,47.592,47.302,49.005,47.422,47.662
GRID,proxy,proxy-P2-L1,16384,2,25,0,2,1,9,45.568,45.218,46.299,45.508,45.960
GRID,proxy,proxy-P1-L1,16384,4,25,0,1,1,9,53.473,52.982,54.505,53.443,54.145
GRID,proxy,proxy-P2-L1,16384,4,25,0,2,1,9,49.075,48.123,50.388,48.734,49.285
GRID,proxy,proxy-P4-L1,16384,4,25,0,4,1,9,48.794,48.374,49.767,48.434,48.955
GRID,proxy,proxy-P1-L1,16384,8,25,0,1,1,9,66.128,65.186,67.090,65.787,66.469
GRID,proxy,proxy-P2-L1,16384,8,25,0,2,1,9,55.177,54.926,56.128,55.027,55.207
GRID,proxy,proxy-P4-L1,16384,8,25,0,4,1,9,54.386,53.874,55.167,54.145,54.636
GRID,proxy,proxy-P8-L1,16384,8,25,0,8,1,9,53.734,52.742,55.768,53.333,55.087
GRID,proxy,proxy-P1-L1,16384,16,25,0,1,1,9,91.057,89.884,92.429,90.215,91.317
GRID,proxy,proxy-P2-L1,16384,16,25,0,2,1,9,67.932,66.980,68.653,67.441,68.342
GRID,proxy,proxy-P4-L1,16384,16,25,0,4,1,9,64.806,61.520,65.958,64.084,65.086
GRID,proxy,proxy-P8-L1,16384,16,25,0,8,1,9,63.734,61.980,66.569,63.032,64.655
GRID,proxy,proxy-P1-L1,16384,32,25,0,1,1,9,139.731,137.116,146.203,139.600,140.503
GRID,proxy,proxy-P2-L1,16384,32,25,0,2,1,9,92.699,92.299,93.652,92.399,92.840
GRID,proxy,proxy-P4-L1,16384,32,25,0,4,1,9,86.498,82.670,88.842,84.303,88.060
GRID,proxy,proxy-P8-L1,16384,32,25,0,8,1,9,85.676,83.151,92.179,84.704,85.987
GRID,proxy,proxy-P1-L1,16384,64,25,0,1,1,9,238.332,234.264,241.798,236.529,239.363
GRID,proxy,proxy-P2-L1,16384,64,25,0,2,1,9,141.834,140.462,144.320,141.625,142.275
GRID,proxy,proxy-P4-L1,16384,64,25,0,4,1,9,127.227,118.910,133.549,123.209,131.414
GRID,proxy,proxy-P8-L1,16384,64,25,0,8,1,9,128.448,123.028,132.657,127.537,131.485
GRID,proxy,proxy-P1-L1,65536,2,25,0,1,1,9,47.452,47.332,48.073,47.442,47.853
GRID,proxy,proxy-P2-L1,65536,2,25,0,2,1,9,45.588,45.368,46.230,45.439,46.129
GRID,proxy,proxy-P1-L1,65536,4,25,0,1,1,9,53.914,52.873,55.187,53.754,54.014
GRID,proxy,proxy-P2-L1,65536,4,25,0,2,1,9,48.725,48.204,49.646,48.303,49.155
GRID,proxy,proxy-P4-L1,65536,4,25,0,4,1,9,49.025,48.534,54.516,48.824,49.065
GRID,proxy,proxy-P1-L1,65536,8,25,0,1,1,9,66.199,65.587,67.201,66.168,66.299
GRID,proxy,proxy-P2-L1,65536,8,25,0,2,1,9,55.037,54.616,55.939,54.726,55.357
GRID,proxy,proxy-P4-L1,65536,8,25,0,4,1,9,54.335,52.842,54.856,54.165,54.386
GRID,proxy,proxy-P8-L1,65536,8,25,0,8,1,9,53.604,53.173,55.798,53.203,54.716
GRID,proxy,proxy-P1-L1,65536,16,25,0,1,1,9,90.876,88.953,92.459,89.774,91.547
GRID,proxy,proxy-P2-L1,65536,16,25,0,2,1,9,67.531,66.950,68.372,67.311,67.882
GRID,proxy,proxy-P4-L1,65536,16,25,0,4,1,9,65.247,64.325,66.329,64.645,65.416
GRID,proxy,proxy-P8-L1,65536,16,25,0,8,1,9,66.579,66.228,67.441,66.289,66.920
GRID,proxy,proxy-P1-L1,65536,32,25,0,1,1,9,140.342,138.739,142.436,139.431,141.294
GRID,proxy,proxy-P2-L1,65536,32,25,0,2,1,9,107.638,107.148,108.270,107.428,107.969
GRID,proxy,proxy-P4-L1,65536,32,25,0,4,1,9,108.089,107.288,108.550,107.889,108.491
GRID,proxy,proxy-P8-L1,65536,32,25,0,8,1,9,109.813,109.181,113.951,109.682,110.474
GRID,proxy,proxy-P1-L1,65536,64,25,0,1,1,9,238.873,235.156,241.417,235.627,239.725
GRID,proxy,proxy-P2-L1,65536,64,25,0,2,1,9,194.336,193.024,194.958,193.826,194.687
GRID,proxy,proxy-P4-L1,65536,64,25,0,4,1,9,194.387,193.816,195.639,193.936,194.737
GRID,proxy,proxy-P8-L1,65536,64,25,0,8,1,9,204.106,196.100,204.857,199.848,204.496
GRID,proxy,proxy-P1-L1,262144,2,25,0,1,1,9,47.722,46.851,48.203,47.322,47.843
GRID,proxy,proxy-P2-L1,262144,2,25,0,2,1,9,45.909,45.428,46.410,45.799,46.019
GRID,proxy,proxy-P1-L1,262144,4,25,0,1,1,9,64.004,63.714,66.960,63.803,64.105
GRID,proxy,proxy-P2-L1,262144,4,25,0,2,1,9,64.214,63.914,65.487,64.064,64.665
GRID,proxy,proxy-P4-L1,262144,4,25,0,4,1,9,64.856,64.224,68.803,64.636,65.066
GRID,proxy,proxy-P1-L1,262144,8,25,0,1,1,9,106.897,106.657,109.101,106.697,107.368
GRID,proxy,proxy-P2-L1,262144,8,25,0,2,1,9,107.518,106.997,108.180,107.067,107.718
GRID,proxy,proxy-P4-L1,262144,8,25,0,4,1,9,107.799,107.468,108.420,107.589,107.949
GRID,proxy,proxy-P8-L1,262144,8,25,0,8,1,9,109.693,108.941,111.005,109.412,110.384
GRID,proxy,proxy-P1-L1,262144,16,25,0,1,1,9,193.525,193.214,194.186,193.445,193.716
GRID,proxy,proxy-P2-L1,262144,16,25,0,2,1,9,193.815,193.465,194.386,193.675,194.207
GRID,proxy,proxy-P4-L1,262144,16,25,0,4,1,9,194.226,193.395,194.877,193.695,194.577
GRID,proxy,proxy-P8-L1,262144,16,25,0,8,1,9,195.679,195.359,202.572,195.599,195.879
GRID,proxy,spin-only,0,0,100,0,1,1,9,110.945,110.644,111.726,110.815,111.456
GRID,proxy,proxy-P1-L1,256,2,100,0,1,1,9,122.768,122.187,123.088,122.637,123.038
GRID,proxy,proxy-P2-L1,256,2,100,0,2,1,9,120.633,120.413,121.094,120.574,120.964
GRID,proxy,proxy-P1-L1,256,4,100,0,1,1,9,129.140,128.138,130.693,128.739,129.191
GRID,proxy,proxy-P2-L1,256,4,100,0,2,1,9,123.610,123.089,124.541,123.519,123.890
GRID,proxy,proxy-P4-L1,256,4,100,0,4,1,9,123.469,123.098,124.020,123.409,123.750
GRID,proxy,proxy-P1-L1,256,8,100,0,1,1,9,141.454,140.261,142.225,140.994,141.795
GRID,proxy,proxy-P2-L1,256,8,100,0,2,1,9,129.792,128.960,130.864,129.661,130.463
GRID,proxy,proxy-P4-L1,256,8,100,0,4,1,9,129.331,128.629,129.801,128.860,129.471
GRID,proxy,proxy-P8-L1,256,8,100,0,8,1,9,128.579,128.028,130.102,128.389,129.861
GRID,proxy,proxy-P1-L1,256,16,100,0,1,1,9,165.451,164.288,167.665,164.689,166.222
GRID,proxy,proxy-P2-L1,256,16,100,0,2,1,9,142.897,141.955,143.478,142.817,143.077
GRID,proxy,proxy-P4-L1,256,16,100,0,4,1,9,140.031,135.162,141.043,138.117,140.272
GRID,proxy,proxy-P8-L1,256,16,100,0,8,1,9,138.248,137.336,142.837,137.677,138.859
GRID,proxy,proxy-P1-L1,256,32,100,0,1,1,9,214.315,212.993,217.541,213.594,215.888
GRID,proxy,proxy-P2-L1,256,32,100,0,2,1,9,167.305,165.982,169.649,167.154,168.336
GRID,proxy,proxy-P4-L1,256,32,100,0,4,1,9,160.100,157.595,163.316,158.558,162.224
GRID,proxy,proxy-P8-L1,256,32,100,0,8,1,9,161.353,156.192,164.719,159.639,162.255
GRID,proxy,proxy-P1-L1,256,64,100,0,1,1,9,313.187,310.101,317.626,311.835,315.932
GRID,proxy,proxy-P2-L1,256,64,100,0,2,1,9,217.431,214.807,218.263,216.500,217.671
GRID,proxy,proxy-P4-L1,256,64,100,0,4,1,9,203.905,194.607,206.550,202.172,204.796
GRID,proxy,proxy-P8-L1,256,64,100,0,8,1,9,206.089,200.759,211.890,203.685,207.703
GRID,proxy,proxy-P1-L1,1024,2,100,0,1,1,9,122.607,122.287,126.225,122.427,122.768
GRID,proxy,proxy-P2-L1,1024,2,100,0,2,1,9,120.483,120.303,121.325,120.343,120.613
GRID,proxy,proxy-P1-L1,1024,4,100,0,1,1,9,128.680,128.569,135.071,128.599,129.641
GRID,proxy,proxy-P2-L1,1024,4,100,0,2,1,9,123.600,123.359,124.862,123.469,123.840
GRID,proxy,proxy-P4-L1,1024,4,100,0,4,1,9,123.439,123.069,123.950,123.209,123.659
GRID,proxy,proxy-P1-L1,1024,8,100,0,1,1,9,141.314,139.741,141.986,140.762,141.504
GRID,proxy,proxy-P2-L1,1024,8,100,0,2,1,9,129.932,129.401,130.724,129.752,130.112
GRID,proxy,proxy-P4-L1,1024,8,100,0,4,1,9,128.890,128.509,129.691,128.819,129.151
GRID,proxy,proxy-P8-L1,1024,8,100,0,8,1,9,129.430,126.816,130.994,128.099,129.951
GRID,proxy,proxy-P1-L1,1024,16,100,0,1,1,9,166.392,164.889,171.221,165.631,166.613
GRID,proxy,proxy-P2-L1,1024,16,100,0,2,1,9,142.466,141.845,143.287,142.345,142.817
GRID,proxy,proxy-P4-L1,1024,16,100,0,4,1,9,139.891,138.759,140.592,139.471,140.542
GRID,proxy,proxy-P8-L1,1024,16,100,0,8,1,9,138.518,137.156,141.204,138.138,140.512
GRID,proxy,proxy-P1-L1,1024,32,100,0,1,1,9,214.335,213.073,216.940,214.265,216.039
GRID,proxy,proxy-P2-L1,1024,32,100,0,2,1,9,167.685,166.763,168.055,167.544,167.855
GRID,proxy,proxy-P4-L1,1024,32,100,0,4,1,9,161.363,156.513,162.505,160.661,161.793
GRID,proxy,proxy-P8-L1,1024,32,100,0,8,1,9,160.310,156.383,167.024,157.566,161.242
GRID,proxy,proxy-P1-L1,1024,64,100,0,1,1,9,313.587,310.692,318.658,311.763,313.697
GRID,proxy,proxy-P2-L1,1024,64,100,0,2,1,9,216.489,215.718,217.651,215.839,216.920
GRID,proxy,proxy-P4-L1,1024,64,100,0,4,1,9,205.628,193.555,207.382,203.274,206.891
GRID,proxy,proxy-P8-L1,1024,64,100,0,8,1,9,203.725,196.741,210.117,200.859,207.652
GRID,proxy,proxy-P1-L1,4096,2,100,0,1,1,9,122.518,122.056,123.249,122.227,122.708
GRID,proxy,proxy-P2-L1,4096,2,100,0,2,1,9,120.434,120.153,120.834,120.323,120.634
GRID,proxy,proxy-P1-L1,4096,4,100,0,1,1,9,128.750,128.198,129.701,128.278,128.930
GRID,proxy,proxy-P2-L1,4096,4,100,0,2,1,9,123.429,123.078,124.180,123.329,123.830
GRID,proxy,proxy-P4-L1,4096,4,100,0,4,1,9,123.639,123.258,123.960,123.440,123.670
GRID,proxy,proxy-P1-L1,4096,8,100,0,1,1,9,141.183,140.051,142.415,140.562,141.423
GRID,proxy,proxy-P2-L1,4096,8,100,0,2,1,9,130.022,129.491,130.253,129.871,130.042
GRID,proxy,proxy-P4-L1,4096,8,100,0,4,1,9,129.170,128.690,135.312,128.930,129.500
GRID,proxy,proxy-P8-L1,4096,8,100,0,8,1,9,128.428,127.978,130.593,128.278,129.641
GRID,proxy,proxy-P1-L1,4096,16,100,0,1,1,9,165.641,164.729,166.273,165.070,165.781
GRID,proxy,proxy-P2-L1,4096,16,100,0,2,1,9,142.536,141.805,143.117,142.225,142.647
GRID,proxy,proxy-P4-L1,4096,16,100,0,4,1,9,140.101,137.236,141.223,139.490,140.652
GRID,proxy,proxy-P8-L1,4096,16,100,0,8,1,9,138.088,136.655,140.241,137.717,138.709
GRID,proxy,proxy-P1-L1,4096,32,100,0,1,1,9,215.147,214.174,216.920,214.876,215.778
GRID,proxy,proxy-P2-L1,4096,32,100,0,2,1,9,167.915,166.392,168.056,166.964,168.006
GRID,proxy,proxy-P4-L1,4096,32,100,0,4,1,9,162.385,159.479,165.971,161.784,162.666
GRID,proxy,proxy-P8-L1,4096,32,100,0,8,1,9,161.994,155.963,168.306,159.038,164.559
GRID,proxy,proxy-P1-L1,4096,64,100,0,1,1,9,311.874,307.486,316.073,309.950,312.526
GRID,proxy,proxy-P2-L1,4096,64,100,0,2,1,9,217.972,215.738,219.736,217.462,218.183
GRID,proxy,proxy-P4-L1,4096,64,100,0,4,1,9,204.136,195.168,207.632,201.711,205.207
GRID,proxy,proxy-P8-L1,4096,64,100,0,8,1,9,203.584,196.921,212.302,202.081,206.170
GRID,proxy,proxy-P1-L1,16384,2,100,0,1,1,9,122.938,122.337,127.888,122.848,123.199
GRID,proxy,proxy-P2-L1,16384,2,100,0,2,1,9,120.754,120.343,121.476,120.633,120.884
GRID,proxy,proxy-P1-L1,16384,4,100,0,1,1,9,128.899,128.459,129.421,128.589,129.060
GRID,proxy,proxy-P2-L1,16384,4,100,0,2,1,9,123.559,123.279,124.171,123.479,123.660
GRID,proxy,proxy-P4-L1,16384,4,100,0,4,1,9,123.609,123.199,125.093,123.510,123.870
GRID,proxy,proxy-P1-L1,16384,8,100,0,1,1,9,141.173,139.801,141.774,140.543,141.344
GRID,proxy,proxy-P2-L1,16384,8,100,0,2,1,9,130.052,129.581,130.503,129.922,130.212
GRID,proxy,proxy-P4-L1,16384,8,100,0,4,1,9,128.940,128.399,129.471,128.810,129.181
GRID,proxy,proxy-P8-L1,16384,8,100,0,8,1,9,128.740,127.797,130.503,128.519,129.430
GRID,proxy,proxy-P1-L1,16384,16,100,0,1,1,9,166.132,165.460,167.524,165.922,166.673
GRID,proxy,proxy-P2-L1,16384,16,100,0,2,1,9,142.155,141.554,143.287,141.855,142.476
GRID,proxy,proxy-P4-L1,16384,16,100,0,4,1,9,140.282,138.528,142.586,139.701,140.472
GRID,proxy,proxy-P8-L1,16384,16,100,0,8,1,9,138.859,135.592,141.574,137.336,139.480
GRID,proxy,proxy-P1-L1,16384,32,100,0,1,1,9,215.267,213.253,216.880,214.325,216.199
GRID,proxy,proxy-P2-L1,16384,32,100,0,2,1,9,167.715,166.834,168.547,167.444,168.256
GRID,proxy,proxy-P4-L1,16384,32,100,0,4,1,9,161.603,154.229,163.407,158.898,162.344
GRID,proxy,proxy-P8-L1,16384,32,100,0,8,1,9,158.968,156.533,167.314,157.906,162.414
GRID,proxy,proxy-P1-L1,16384,64,100,0,1,1,9,313.427,311.754,318.267,312.485,314.820
GRID,proxy,proxy-P2-L1,16384,64,100,0,2,1,9,216.289,215.057,217.802,216.189,217.160
GRID,proxy,proxy-P4-L1,16384,64,100,0,4,1,9,206.220,202.292,208.734,204.075,206.841
GRID,proxy,proxy-P8-L1,16384,64,100,0,8,1,9,202.042,198.605,209.716,199.867,204.516
GRID,proxy,proxy-P1-L1,65536,2,100,0,1,1,9,122.688,122.047,123.960,122.577,122.988
GRID,proxy,proxy-P2-L1,65536,2,100,0,2,1,9,120.754,120.333,120.965,120.513,120.854
GRID,proxy,proxy-P1-L1,65536,4,100,0,1,1,9,128.849,128.249,129.491,128.449,128.919
GRID,proxy,proxy-P2-L1,65536,4,100,0,2,1,9,123.760,123.379,124.161,123.550,124.010
GRID,proxy,proxy-P4-L1,65536,4,100,0,4,1,9,123.810,123.169,124.542,123.589,124.141
GRID,proxy,proxy-P1-L1,65536,8,100,0,1,1,9,140.762,140.011,141.354,140.452,140.863
GRID,proxy,proxy-P2-L1,65536,8,100,0,2,1,9,129.761,129.541,130.223,129.611,130.143
GRID,proxy,proxy-P4-L1,65536,8,100,0,4,1,9,129.030,128.610,129.411,128.970,129.120
GRID,proxy,proxy-P8-L1,65536,8,100,0,8,1,9,128.299,128.178,130.663,128.219,129.010
GRID,proxy,proxy-P1-L1,65536,16,100,0,1,1,9,165.831,164.398,167.435,165.029,166.162
GRID,proxy,proxy-P2-L1,65536,16,100,0,2,1,9,142.576,141.755,143.558,142.506,142.677
GRID,proxy,proxy-P4-L1,65536,16,100,0,4,1,9,140.432,137.958,141.083,138.959,140.593
GRID,proxy,proxy-P8-L1,65536,16,100,0,8,1,9,139.199,138.729,142.967,138.739,139.440
GRID,proxy,proxy-P1-L1,65536,32,100,0,1,1,9,214.355,212.782,217.712,213.944,215.528
GRID,proxy,proxy-P2-L1,65536,32,100,0,2,1,9,167.133,166.372,167.775,166.693,167.605
GRID,proxy,proxy-P4-L1,65536,32,100,0,4,1,9,161.934,158.948,163.356,161.563,162.134
GRID,proxy,proxy-P8-L1,65536,32,100,0,8,1,9,162.034,155.622,165.040,158.898,163.377
GRID,proxy,proxy-P1-L1,65536,64,100,0,1,1,9,312.946,310.832,316.533,311.583,315.091
GRID,proxy,proxy-P2-L1,65536,64,100,0,2,1,9,217.612,215.447,219.025,217.110,217.952
GRID,proxy,proxy-P4-L1,65536,64,100,0,4,1,9,203.514,198.975,205.699,201.691,204.816
GRID,proxy,proxy-P8-L1,65536,64,100,0,8,1,9,198.825,195.549,205.468,197.733,202.452
GRID,proxy,proxy-P1-L1,262144,2,100,0,1,1,9,122.548,121.615,123.098,122.447,122.868
GRID,proxy,proxy-P2-L1,262144,2,100,0,2,1,9,120.704,120.143,122.858,120.424,120.754
GRID,proxy,proxy-P1-L1,262144,4,100,0,1,1,9,128.900,128.178,132.878,128.509,129.160
GRID,proxy,proxy-P2-L1,262144,4,100,0,2,1,9,123.930,123.289,124.291,123.439,123.980
GRID,proxy,proxy-P4-L1,262144,4,100,0,4,1,9,123.549,123.159,125.984,123.500,124.170
GRID,proxy,proxy-P1-L1,262144,8,100,0,1,1,9,140.742,139.971,141.714,140.422,141.164
GRID,proxy,proxy-P2-L1,262144,8,100,0,2,1,9,129.642,129.350,130.042,129.581,129.851
GRID,proxy,proxy-P4-L1,262144,8,100,0,4,1,9,129.000,128.619,130.062,128.769,129.201
GRID,proxy,proxy-P8-L1,262144,8,100,0,8,1,9,128.949,127.497,130.082,127.627,129.652
GRID,proxy,proxy-P1-L1,262144,16,100,0,1,1,9,193.244,192.944,194.396,193.135,193.746
GRID,proxy,proxy-P2-L1,262144,16,100,0,2,1,9,194.186,193.545,194.366,193.735,194.266
GRID,proxy,proxy-P4-L1,262144,16,100,0,4,1,9,194.437,193.685,194.967,194.166,194.587
GRID,proxy,proxy-P8-L1,262144,16,100,0,8,1,9,195.980,195.729,196.441,195.930,196.050
GRID,proxy,spin-only,0,0,400,0,1,1,9,411.347,410.876,411.717,411.146,411.417
GRID,proxy,proxy-P1-L1,256,2,400,0,1,1,9,422.869,422.047,424.422,422.508,423.090
GRID,proxy,proxy-P2-L1,256,2,400,0,2,1,9,420.685,420.304,421.096,420.585,420.835
GRID,proxy,proxy-P1-L1,256,4,400,0,1,1,9,429.041,428.480,431.005,428.800,429.401
GRID,proxy,proxy-P2-L1,256,4,400,0,2,1,9,423.721,423.240,424.432,423.701,423.871
GRID,proxy,proxy-P4-L1,256,4,400,0,4,1,9,423.580,423.260,424.733,423.541,424.092
GRID,proxy,proxy-P1-L1,256,8,400,0,1,1,9,441.194,440.223,442.788,440.824,441.926
GRID,proxy,proxy-P2-L1,256,8,400,0,2,1,9,430.163,429.673,430.704,429.783,430.474
GRID,proxy,proxy-P4-L1,256,8,400,0,4,1,9,429.332,428.690,429.993,429.122,429.833
GRID,proxy,proxy-P8-L1,256,8,400,0,8,1,9,428.500,426.616,431.015,428.230,429.302
GRID,proxy,proxy-P1-L1,256,16,400,0,1,1,9,466.404,464.800,466.885,465.692,466.624
GRID,proxy,proxy-P2-L1,256,16,400,0,2,1,9,442.447,442.007,443.570,442.297,442.848
GRID,proxy,proxy-P4-L1,256,16,400,0,4,1,9,440.183,439.372,440.593,440.002,440.373
GRID,proxy,proxy-P8-L1,256,16,400,0,8,1,9,438.910,438.008,441.044,438.469,439.511
GRID,proxy,proxy-P1-L1,256,32,400,0,1,1,9,514.197,512.553,517.252,513.785,514.717
GRID,proxy,proxy-P2-L1,256,32,400,0,2,1,9,467.696,466.775,468.939,467.316,468.217
GRID,proxy,proxy-P4-L1,256,32,400,0,4,1,9,462.876,457.767,464.971,461.214,463.307
GRID,proxy,proxy-P8-L1,256,32,400,0,8,1,9,461.895,457.857,466.033,457.947,463.167
GRID,proxy,proxy-P1-L1,256,64,400,0,1,1,9,611.464,609.420,617.937,610.313,614.641
GRID,proxy,proxy-P2-L1,256,64,400,0,2,1,9,517.652,516.510,519.746,517.002,518.004
GRID,proxy,proxy-P4-L1,256,64,400,0,4,1,9,505.479,497.524,506.682,499.798,506.070
GRID,proxy,proxy-P8-L1,256,64,400,0,8,1,9,503.816,495.810,511.591,502.252,507.694
GRID,proxy,proxy-P1-L1,1024,2,400,0,1,1,9,423.120,421.998,425.384,422.719,423.411
GRID,proxy,proxy-P2-L1,1024,2,400,0,2,1,9,421.136,419.823,423.381,420.765,421.416
GRID,proxy,proxy-P1-L1,1024,4,400,0,1,1,9,429.041,428.219,429.663,428.430,429.241
GRID,proxy,proxy-P2-L1,1024,4,400,0,2,1,9,424.072,423.571,425.475,423.971,424.693
GRID,proxy,proxy-P4-L1,1024,4,400,0,4,1,9,423.600,423.270,424.352,423.360,423.911
GRID,proxy,proxy-P1-L1,1024,8,400,0,1,1,9,441.074,440.183,442.437,440.874,441.796
GRID,proxy,proxy-P2-L1,1024,8,400,0,2,1,9,429.933,429.612,431.045,429.813,429.953
GRID,proxy,proxy-P4-L1,1024,8,400,0,4,1,9,429.191,427.568,430.043,428.951,429.883
GRID,proxy,proxy-P8-L1,1024,8,400,0,8,1,9,428.561,427.368,430.925,427.979,429.752
GRID,proxy,proxy-P1-L1,1024,16,400,0,1,1,9,466.473,465.091,468.026,465.551,466.865
GRID,proxy,proxy-P2-L1,1024,16,400,0,2,1,9,442.728,441.756,443.328,442.086,443.058
GRID,proxy,proxy-P4-L1,1024,16,400,0,4,1,9,439.822,438.801,440.584,439.502,440.563
GRID,proxy,proxy-P8-L1,1024,16,400,0,8,1,9,438.109,436.075,440.974,437.478,440.112
GRID,proxy,proxy-P1-L1,1024,32,400,0,1,1,9,515.458,513.585,517.252,514.818,516.190
GRID,proxy,proxy-P2-L1,1024,32,400,0,2,1,9,467.285,467.185,469.219,467.205,468.107
GRID,proxy,proxy-P4-L1,1024,32,400,0,4,1,9,461.304,460.001,463.338,460.873,462.245
GRID,proxy,proxy-P8-L1,1024,32,400,0,8,1,9,460.191,455.783,463.938,457.536,460.772
GRID,proxy,proxy-P1-L1,1024,64,400,0,1,1,9,612.026,610.803,616.214,611.294,614.150
GRID,proxy,proxy-P2-L1,1024,64,400,0,2,1,9,517.122,516.230,517.964,516.861,517.903
GRID,proxy,proxy-P4-L1,1024,64,400,0,4,1,9,501.873,493.576,507.343,500.720,504.076
GRID,proxy,proxy-P8-L1,1024,64,400,0,8,1,9,504.327,498.536,513.996,499.277,507.783
GRID,proxy,proxy-P1-L1,4096,2,400,0,1,1,9,423.030,422.388,423.961,422.769,423.300
GRID,proxy,proxy-P2-L1,4096,2,400,0,2,1,9,420.565,420.204,421.357,420.434,420.975
GRID,proxy,proxy-P1-L1,4096,4,400,0,1,1,9,429.241,428.259,430.363,428.580,429.632
GRID,proxy,proxy-P2-L1,4096,4,400,0,2,1,9,423.580,423.260,424.763,423.410,424.192
GRID,proxy,proxy-P4-L1,4096,4,400,0,4,1,9,423.570,423.210,425.014,423.351,423.851
GRID,proxy,proxy-P1-L1,4096,8,400,0,1,1,9,441.395,440.433,442.898,440.704,441.996
GRID,proxy,proxy-P2-L1,4096,8,400,0,2,1,9,429.753,429.111,431.105,429.582,430.614
GRID,proxy,proxy-P4-L1,4096,8,400,0,4,1,9,429.252,428.290,430.304,428.760,429.482
GRID,proxy,proxy-P8-L1,4096,8,400,0,8,1,9,429.292,427.789,430.554,428.460,429.592
GRID,proxy,proxy-P1-L1,4096,16,400,0,1,1,9,465.511,463.478,466.404,465.341,466.043
GRID,proxy,proxy-P2-L1,4096,16,400,0,2,1,9,442.457,441.004,443.739,441.946,442.838
GRID,proxy,proxy-P4-L1,4096,16,400,0,4,1,9,440.243,438.329,440.894,439.772,440.363
GRID,proxy,proxy-P8-L1,4096,16,400,0,8,1,9,438.499,436.175,440.754,436.987,439.401
GRID,proxy,proxy-P1-L1,4096,32,400,0,1,1,9,515.078,513.775,517.012,514.437,516.391
GRID,proxy,proxy-P2-L1,4096,32,400,0,2,1,9,467.917,466.544,468.498,467.656,468.117
GRID,proxy,proxy-P4-L1,4096,32,400,0,4,1,9,462.215,454.581,464.410,461.724,462.586
GRID,proxy,proxy-P8-L1,4096,32,400,0,8,1,9,460.201,457.867,464.019,458.639,461.985
GRID,proxy,proxy-P1-L1,4096,64,400,0,1,1,9,612.868,609.311,618.688,611.635,614.761
GRID,proxy,proxy-P2-L1,4096,64,400,0,2,1,9,517.242,516.471,519.006,516.881,517.984
GRID,proxy,proxy-P4-L1,4096,64,400,0,4,1,9,506.461,496.832,509.136,502.895,507.914
GRID,proxy,proxy-P8-L1,4096,64,400,0,8,1,9,508.355,501.582,518.725,503.887,510.799
GRID,proxy,proxy-P1-L1,16384,2,400,0,1,1,9,422.579,422.078,423.691,422.439,423.401
GRID,proxy,proxy-P2-L1,16384,2,400,0,2,1,9,420.765,420.464,421.707,420.705,421.216
GRID,proxy,proxy-P1-L1,16384,4,400,0,1,1,9,429.102,428.310,431.336,428.660,429.272
GRID,proxy,proxy-P2-L1,16384,4,400,0,2,1,9,423.881,423.341,424.803,423.510,424.352
GRID,proxy,proxy-P4-L1,16384,4,400,0,4,1,9,423.961,423.741,424.823,423.901,424.382
GRID,proxy,proxy-P1-L1,16384,8,400,0,1,1,9,441.546,441.044,443.238,441.094,441.986
GRID,proxy,proxy-P2-L1,16384,8,400,0,2,1,9,429.953,429.492,430.885,429.712,430.114
GRID,proxy,proxy-P4-L1,16384,8,400,0,4,1,9,429.652,428.470,430.283,429.412,429.802
GRID,proxy,proxy-P8-L1,16384,8,400,0,8,1,9,429.863,427.599,430.755,428.721,430.263
GRID,proxy,proxy-P1-L1,16384,16,400,0,1,1,9,465.792,464.219,467.366,465.382,467.105
GRID,proxy,proxy-P2-L1,16384,16,400,0,2,1,9,442.708,441.665,443.439,442.417,443.169
GRID,proxy,proxy-P4-L1,16384,16,400,0,4,1,9,440.173,437.708,440.894,439.061,440.684
GRID,proxy,proxy-P8-L1,16384,16,400,0,8,1,9,438.941,436.786,443.048,438.369,439.321
GRID,proxy,proxy-P1-L1,16384,32,400,0,1,1,9,514.617,511.742,517.131,513.425,515.398
GRID,proxy,proxy-P2-L1,16384,32,400,0,2,1,9,467.034,466.203,468.217,466.624,467.215
GRID,proxy,proxy-P4-L1,16384,32,400,0,4,1,9,460.722,459.440,463.849,460.362,461.575
GRID,proxy,proxy-P8-L1,16384,32,400,0,8,1,9,459.460,453.869,461.354,458.889,460.993
GRID,proxy,proxy-P1-L1,16384,64,400,0,1,1,9,612.056,609.802,617.597,610.152,613.278
GRID,proxy,proxy-P2-L1,16384,64,400,0,2,1,9,517.052,516.090,519.216,516.380,517.693
GRID,proxy,proxy-P4-L1,16384,64,400,0,4,1,9,504.618,494.518,506.912,502.754,505.740
GRID,proxy,proxy-P8-L1,16384,64,400,0,8,1,9,504.408,499.517,511.892,502.794,505.800
GRID,proxy,proxy-P1-L1,65536,2,400,0,1,1,9,422.849,422.388,423.891,422.478,422.860
GRID,proxy,proxy-P2-L1,65536,2,400,0,2,1,9,420.885,420.314,422.348,420.675,421.186
GRID,proxy,proxy-P1-L1,65536,4,400,0,1,1,9,429.071,428.640,429.853,428.811,429.722
GRID,proxy,proxy-P2-L1,65536,4,400,0,2,1,9,423.771,423.420,424.773,423.651,424.352
GRID,proxy,proxy-P4-L1,65536,4,400,0,4,1,9,423.871,423.010,424.452,423.481,424.001
GRID,proxy,proxy-P1-L1,65536,8,400,0,1,1,9,441.616,440.484,443.168,440.724,442.066
GRID,proxy,proxy-P2-L1,65536,8,400,0,2,1,9,430.384,429.522,430.995,429.803,430.714
GRID,proxy,proxy-P4-L1,65536,8,400,0,4,1,9,429.252,427.518,431.366,428.480,430.263
GRID,proxy,proxy-P8-L1,65536,8,400,0,8,1,9,429.492,427.909,430.815,428.630,429.642
GRID,proxy,proxy-P1-L1,65536,16,400,0,1,1,9,465.642,463.628,466.464,464.350,465.942
GRID,proxy,proxy-P2-L1,65536,16,400,0,2,1,9,442.457,441.896,442.908,442.177,442.717
GRID,proxy,proxy-P4-L1,65536,16,400,0,4,1,9,440.053,436.165,441.135,439.031,440.453
GRID,proxy,proxy-P8-L1,65536,16,400,0,8,1,9,439.021,437.187,440.203,438.078,439.542
GRID,proxy,proxy-P1-L1,65536,32,400,0,1,1,9,514.978,513.565,517.082,514.567,516.019
GRID,proxy,proxy-P2-L1,65536,32,400,0,2,1,9,467.626,466.534,471.724,467.386,468.328
GRID,proxy,proxy-P4-L1,65536,32,400,0,4,1,9,460.181,455.753,464.319,457.106,461.825
GRID,proxy,proxy-P8-L1,65536,32,400,0,8,1,9,460.993,455.102,467.676,458.538,464.880
GRID,proxy,proxy-P1-L1,65536,64,400,0,1,1,9,611.985,606.875,618.357,610.473,612.857
GRID,proxy,proxy-P2-L1,65536,64,400,0,2,1,9,518.164,517.181,519.165,518.073,518.705
GRID,proxy,proxy-P4-L1,65536,64,400,0,4,1,9,502.062,497.994,508.325,500.870,506.571
GRID,proxy,proxy-P8-L1,65536,64,400,0,8,1,9,501.632,500.009,510.359,500.980,506.171
GRID,proxy,proxy-P1-L1,262144,2,400,0,1,1,9,422.960,422.388,424.172,422.799,423.290
GRID,proxy,proxy-P2-L1,262144,2,400,0,2,1,9,420.755,420.334,421.908,420.484,421.256
GRID,proxy,proxy-P1-L1,262144,4,400,0,1,1,9,429.101,427.669,431.116,428.921,430.023
GRID,proxy,proxy-P2-L1,262144,4,400,0,2,1,9,423.871,423.420,424.813,423.621,424.041
GRID,proxy,proxy-P4-L1,262144,4,400,0,4,1,9,423.731,423.531,424.212,423.590,424.051
GRID,proxy,proxy-P1-L1,262144,8,400,0,1,1,9,441.325,440.243,442.126,441.025,441.695
GRID,proxy,proxy-P2-L1,262144,8,400,0,2,1,9,429.952,429.291,431.055,429.452,430.373
GRID,proxy,proxy-P4-L1,262144,8,400,0,4,1,9,429.242,428.861,434.221,429.071,429.552
GRID,proxy,proxy-P8-L1,262144,8,400,0,8,1,9,430.273,426.967,430.444,430.144,430.294
GRID,proxy,proxy-P1-L1,262144,16,400,0,1,1,9,465.752,464.520,466.133,465.331,465.823
GRID,proxy,proxy-P2-L1,262144,16,400,0,2,1,9,442.327,441.366,442.998,441.876,442.718
GRID,proxy,proxy-P4-L1,262144,16,400,0,4,1,9,440.013,439.120,441.184,439.441,440.273
GRID,proxy,proxy-P8-L1,262144,16,400,0,8,1,9,438.028,437.598,441.435,437.868,439.892
GRID,path,config,bytes,K,D,B,P,L,samples,median_us,min_us,max_us,p25_us,p75_us
GRID,proxy,spin-only,0,0,0,0,1,2,9,13.125,12.704,13.396,12.775,13.186
GRID,proxy,proxy-P1-L2,256,2,0,0,1,2,9,25.309,23.787,26.291,24.978,25.669
GRID,proxy,proxy-P2-L2,256,2,0,0,2,2,9,22.063,20.940,24.507,21.902,22.754
GRID,proxy,proxy-P1-L2,256,4,0,0,1,2,9,30.079,29.276,32.172,29.848,31.711
GRID,proxy,proxy-P2-L2,256,4,0,0,2,2,9,26.130,25.179,27.554,25.790,26.501
GRID,proxy,proxy-P4-L2,256,4,0,0,4,2,9,23.305,22.835,25.850,23.275,23.405
GRID,proxy,proxy-P1-L2,256,8,0,0,1,2,9,42.332,41.490,43.834,41.621,42.963
GRID,proxy,proxy-P2-L2,256,8,0,0,2,2,9,31.060,30.218,31.521,30.449,31.180
GRID,proxy,proxy-P4-L2,256,8,0,0,4,2,9,27.493,26.601,30.379,27.323,28.255
GRID,proxy,proxy-P8-L2,256,8,0,0,8,2,9,27.253,26.712,30.018,26.852,29.587
GRID,proxy,proxy-P1-L2,256,16,0,0,1,2,9,66.349,65.046,67.360,65.767,66.489
GRID,proxy,proxy-P2-L2,256,16,0,0,2,2,9,42.994,42.402,43.565,42.683,43.224
GRID,proxy,proxy-P4-L2,256,16,0,0,4,2,9,32.754,32.162,38.004,32.503,34.346
GRID,proxy,proxy-P8-L2,256,16,0,0,8,2,9,32.803,32.383,40.318,32.533,34.718
GRID,proxy,proxy-P1-L2,256,32,0,0,1,2,9,115.093,113.971,117.878,114.732,115.634
GRID,proxy,proxy-P2-L2,256,32,0,0,2,2,9,67.991,66.679,69.214,67.361,68.292
GRID,proxy,proxy-P4-L2,256,32,0,0,4,2,9,45.197,44.536,47.161,44.967,46.500
GRID,proxy,proxy-P8-L2,256,32,0,0,8,2,9,47.733,46.370,54.285,46.840,48.984
GRID,proxy,proxy-P1-L2,256,64,0,0,1,2,9,212.852,208.233,218.193,211.220,215.478
GRID,proxy,proxy-P2-L2,256,64,0,0,2,2,9,117.779,116.305,119.491,117.497,118.219
GRID,proxy,proxy-P4-L2,256,64,0,0,4,2,9,72.340,70.447,75.586,70.767,73.022
GRID,proxy,proxy-P8-L2,256,64,0,0,8,2,9,70.737,65.617,76.889,69.946,73.482
GRID,proxy,proxy-P1-L2,1024,2,0,0,1,2,9,24.107,23.265,24.457,23.686,24.377
GRID,proxy,proxy-P2-L2,1024,2,0,0,2,2,9,20.871,20.359,21.712,20.710,21.222
GRID,proxy,proxy-P1-L2,1024,4,0,0,1,2,9,29.788,29.066,30.719,29.717,29.908
GRID,proxy,proxy-P2-L2,1024,4,0,0,2,2,9,24.888,24.617,31.080,24.688,25.279
GRID,proxy,proxy-P4-L2,1024,4,0,0,4,2,9,23.365,22.353,24.187,23.225,23.606
GRID,proxy,proxy-P1-L2,1024,8,0,0,1,2,9,42.322,41.731,42.813,42.051,42.712
GRID,proxy,proxy-P2-L2,1024,8,0,0,2,2,9,30.659,29.998,31.862,30.239,31.050
GRID,proxy,proxy-P4-L2,1024,8,0,0,4,2,9,27.303,26.170,28.275,26.642,27.454
GRID,proxy,proxy-P8-L2,1024,8,0,0,8,2,9,29.076,27.013,31.581,28.315,30.068
GRID,proxy,proxy-P1-L2,1024,16,0,0,1,2,9,65.897,65.367,68.372,65.788,66.639
GRID,proxy,proxy-P2-L2,1024,16,0,0,2,2,9,43.344,42.422,44.326,43.224,43.464
GRID,proxy,proxy-P4-L2,1024,16,0,0,4,2,9,33.104,32.223,34.998,32.733,34.237
GRID,proxy,proxy-P8-L2,1024,16,0,0,8,2,9,34.757,33.394,38.725,34.055,35.719
GRID,proxy,proxy-P1-L2,1024,32,0,0,1,2,9,115.714,112.458,117.989,113.950,116.095
GRID,proxy,proxy-P2-L2,1024,32,0,0,2,2,9,68.061,66.969,74.214,67.401,68.583
GRID,proxy,proxy-P4-L2,1024,32,0,0,4,2,9,46.290,45.108,47.763,45.398,46.390
GRID,proxy,proxy-P8-L2,1024,32,0,0,8,2,9,45.979,43.234,51.269,44.547,46.701
GRID,proxy,proxy-P1-L2,1024,64,0,0,1,2,9,212.772,211.470,217.352,212.291,213.553
GRID,proxy,proxy-P2-L2,1024,64,0,0,2,2,9,117.598,116.466,118.480,116.926,117.978
GRID,proxy,proxy-P4-L2,1024,64,0,0,4,2,9,71.599,69.575,77.360,70.937,73.172
GRID,proxy,proxy-P8-L2,1024,64,0,0,8,2,9,70.376,68.903,75.446,69.324,71.047
GRID,proxy,proxy-P1-L2,4096,2,0,0,1,2,9,23.937,23.465,24.848,23.585,24.127
GRID,proxy,proxy-P2-L2,4096,2,0,0,2,2,9,21.531,21.031,22.283,21.271,21.642
GRID,proxy,proxy-P1-L2,4096,4,0,0,1,2,9,30.289,29.096,31.130,30.038,30.469
GRID,proxy,proxy-P2-L2,4096,4,0,0,2,2,9,25.169,24.528,25.760,24.858,25.239
GRID,proxy,proxy-P4-L2,4096,4,0,0,4,2,9,23.406,22.684,25.199,23.125,23.525
GRID,proxy,proxy-P1-L2,4096,8,0,0,1,2,9,42.452,41.059,42.934,41.631,42.803
GRID,proxy,proxy-P2-L2,4096,8,0,0,2,2,9,31.150,30.600,32.442,30.870,31.441
GRID,proxy,proxy-P4-L2,4096,8,0,0,4,2,9,26.852,26.231,27.122,26.331,26.982
GRID,proxy,proxy-P8-L2,4096,8,0,0,8,2,9,27.403,26.311,32.092,27.113,28.735
GRID,proxy,proxy-P1-L2,4096,16,0,0,1,2,9,66.108,64.596,67.280,65.427,66.780
GRID,proxy,proxy-P2-L2,4096,16,0,0,2,2,9,43.524,42.683,44.085,43.203,43.655
GRID,proxy,proxy-P4-L2,4096,16,0,0,4,2,9,33.464,32.854,37.192,33.184,34.838
GRID,proxy,proxy-P8-L2,4096,16,0,0,8,2,9,33.465,31.831,35.930,32.383,33.946
GRID,proxy,proxy-P1-L2,4096,32,0,0,1,2,9,115.804,114.262,119.752,115.704,116.206
GRID,proxy,proxy-P2-L2,4096,32,0,0,2,2,9,68.592,67.651,69.124,68.272,68.884
GRID,proxy,proxy-P4-L2,4096,32,0,0,4,2,9,46.130,45.118,48.995,45.828,47.282
GRID,proxy,proxy-P8-L2,4096,32,0,0,8,2,9,48.214,45.047,51.440,46.921,49.717
GRID,proxy,proxy-P1-L2,4096,64,0,0,1,2,9,212.171,209.025,216.630,210.869,215.889
GRID,proxy,proxy-P2-L2,4096,64,0,0,2,2,9,118.429,116.025,119.321,117.958,118.821
GRID,proxy,proxy-P4-L2,4096,64,0,0,4,2,9,72.701,70.406,76.218,72.260,73.753
GRID,proxy,proxy-P8-L2,4096,64,0,0,8,2,9,71.829,67.180,78.943,70.928,73.362
GRID,proxy,proxy-P1-L2,16384,2,0,0,1,2,9,24.948,24.587,25.559,24.768,25.158
GRID,proxy,proxy-P2-L2,16384,2,0,0,2,2,9,23.135,22.774,23.756,22.845,23.516
GRID,proxy,proxy-P1-L2,16384,4,0,0,1,2,9,30.990,30.279,31.642,30.749,31.170
GRID,proxy,proxy-P2-L2,16384,4,0,0,2,2,9,26.021,25.650,26.501,25.790,26.461
GRID,proxy,proxy-P4-L2,16384,4,0,0,4,2,9,24.387,24.067,26.922,24.267,24.688
GRID,proxy,proxy-P1-L2,16384,8,0,0,1,2,9,43.464,41.560,44.917,42.843,44.186
GRID,proxy,proxy-P2-L2,16384,8,0,0,2,2,9,32.312,31.141,34.828,31.971,32.714
GRID,proxy,proxy-P4-L2,16384,8,0,0,4,2,9,27.533,27.363,27.914,27.473,27.794
GRID,proxy,proxy-P8-L2,16384,8,0,0,8,2,9,27.653,26.973,28.715,27.393,28.025
GRID,proxy,proxy-P1-L2,16384,16,0,0,1,2,9,67.090,66.849,68.903,66.939,68.423
GRID,proxy,proxy-P2-L2,16384,16,0,0,2,2,9,44.697,43.734,46.991,44.316,45.167
GRID,proxy,proxy-P4-L2,16384,16,0,0,4,2,9,34.777,34.046,35.840,34.577,35.119
GRID,proxy,proxy-P8-L2,16384,16,0,0,8,2,9,36.541,32.443,39.176,33.816,38.134
GRID,proxy,proxy-P1-L2,16384,32,0,0,1,2,9,116.356,113.590,118.470,114.753,118.008
GRID,proxy,proxy-P2-L2,16384,32,0,0,2,2,9,69.124,67.981,70.146,68.643,69.344
GRID,proxy,proxy-P4-L2,16384,32,0,0,4,2,9,48.033,46.590,51.870,47.422,49.165
GRID,proxy,proxy-P8-L2,16384,32,0,0,8,2,9,51.089,44.977,56.380,49.606,52.652
GRID,proxy,proxy-P1-L2,16384,64,0,0,1,2,9,214.966,212.171,219.596,213.984,215.908
GRID,proxy,proxy-P2-L2,16384,64,0,0,2,2,9,118.890,117.708,121.896,118.299,118.960
GRID,proxy,proxy-P4-L2,16384,64,0,0,4,2,9,73.151,72.230,77.800,72.791,75.927
GRID,proxy,proxy-P8-L2,16384,64,0,0,8,2,9,72.851,69.063,82.920,71.729,77.901
GRID,proxy,proxy-P1-L2,65536,2,0,0,1,2,9,26.662,26.070,27.624,26.532,26.712
GRID,proxy,proxy-P2-L2,65536,2,0,0,2,2,9,27.243,26.211,27.954,26.882,27.574
GRID,proxy,proxy-P1-L2,65536,4,0,0,1,2,9,32.813,32.633,33.425,32.744,32.903
GRID,proxy,proxy-P2-L2,65536,4,0,0,2,2,9,32.233,31.421,36.040,32.012,32.563
GRID,proxy,proxy-P4-L2,65536,4,0,0,4,2,9,32.273,31.932,33.004,32.112,32.593
GRID,proxy,proxy-P1-L2,65536,8,0,0,1,2,9,45.348,44.356,47.261,45.047,46.019
GRID,proxy,proxy-P2-L2,65536,8,0,0,2,2,9,42.933,42.583,43.514,42.633,43.224
GRID,proxy,proxy-P4-L2,65536,8,0,0,4,2,9,42.983,42.703,43.905,42.953,43.284
GRID,proxy,proxy-P8-L2,65536,8,0,0,8,2,9,43.485,42.643,47.061,43.314,43.775
GRID,proxy,proxy-P1-L2,65536,16,0,0,1,2,9,69.164,67.711,70.506,68.252,69.875
GRID,proxy,proxy-P2-L2,65536,16,0,0,2,2,9,64.625,63.874,65.026,64.215,64.685
GRID,proxy,proxy-P4-L2,65536,16,0,0,4,2,9,64.485,64.225,65.026,64.435,64.806
GRID,proxy,proxy-P8-L2,65536,16,0,0,8,2,9,65.126,64.705,66.259,64.986,65.667
GRID,proxy,proxy-P1-L2,65536,32,0,0,1,2,9,118.399,117.457,120.283,117.718,119.412
GRID,proxy,proxy-P2-L2,65536,32,0,0,2,2,9,107.518,107.207,107.869,107.409,107.618
GRID,proxy,proxy-P4-L2,65536,32,0,0,4,2,9,107.649,107.218,108.149,107.418,107.739
GRID,proxy,proxy-P8-L2,65536,32,0,0,8,2,9,108.360,107.498,111.696,108.069,110.003
GRID,proxy,proxy-P1-L2,65536,64,0,0,1,2,9,217.291,212.381,220.767,212.722,219.946
GRID,proxy,proxy-P2-L2,65536,64,0,0,2,2,9,194.106,193.655,195.869,193.986,194.377
GRID,proxy,proxy-P4-L2,65536,64,0,0,4,2,9,194.316,193.425,194.707,194.226,194.587
GRID,proxy,proxy-P8-L2,65536,64,0,0,8,2,9,195.789,194.366,198.094,194.927,196.000
GRID,proxy,proxy-P1-L2,262144,2,0,0,1,2,9,42.783,42.112,44.075,42.423,42.854
GRID,proxy,proxy-P2-L2,262144,2,0,0,2,2,9,42.723,41.911,43.143,42.412,42.903
GRID,proxy,proxy-P1-L2,262144,4,0,0,1,2,9,64.064,63.773,64.886,64.014,64.224
GRID,proxy,proxy-P2-L2,262144,4,0,0,2,2,9,64.325,64.114,64.485,64.204,64.394
GRID,proxy,proxy-P4-L2,262144,4,0,0,4,2,9,64.364,63.914,65.406,64.074,64.926
GRID,proxy,proxy-P1-L2,262144,8,0,0,1,2,9,107.117,106.707,107.829,106.957,107.248
GRID,proxy,proxy-P2-L2,262144,8,0,0,2,2,9,107.469,107.068,107.929,107.248,107.548
GRID,proxy,proxy-P4-L2,262144,8,0,0,4,2,9,107.519,106.877,111.737,107.037,107.789
GRID,proxy,proxy-P8-L2,262144,8,0,0,8,2,9,107.789,107.368,110.084,107.628,108.310
GRID,proxy,proxy-P1-L2,262144,16,0,0,1,2,9,193.605,192.894,194.116,193.385,193.905
GRID,proxy,proxy-P2-L2,262144,16,0,0,2,2,9,193.625,193.194,194.817,193.435,193.996
GRID,proxy,proxy-P4-L2,262144,16,0,0,4,2,9,193.996,193.465,195.248,193.826,194.386
GRID,proxy,proxy-P8-L2,262144,16,0,0,8,2,9,194.407,193.695,198.194,194.066,194.788
GRID,proxy,spin-only,0,0,25,0,1,2,9,36.521,36.039,39.056,36.230,36.751
GRID,proxy,proxy-P1-L2,256,2,25,0,1,2,9,47.743,46.871,48.424,47.633,48.053
GRID,proxy,proxy-P2-L2,256,2,25,0,2,2,9,44.726,44.055,45.608,44.496,44.987
GRID,proxy,proxy-P1-L2,256,4,25,0,1,2,9,54.085,52.932,56.539,53.714,54.285
GRID,proxy,proxy-P2-L2,256,4,25,0,2,2,9,47.863,47.291,48.524,47.643,48.143
GRID,proxy,proxy-P4-L2,256,4,25,0,4,2,9,45.970,45.628,46.991,45.839,46.390
GRID,proxy,proxy-P1-L2,256,8,25,0,1,2,9,66.068,65.667,66.589,66.018,66.138
GRID,proxy,proxy-P2-L2,256,8,25,0,2,2,9,54.375,53.453,55.408,53.534,55.186
GRID,proxy,proxy-P4-L2,256,8,25,0,4,2,9,48.925,48.494,49.386,48.875,49.135
GRID,proxy,proxy-P8-L2,256,8,25,0,8,2,9,49.155,49.075,50.507,49.115,49.536
GRID,proxy,proxy-P1-L2,256,16,25,0,1,2,9,89.984,87.890,91.538,89.003,90.495
GRID,proxy,proxy-P2-L2,256,16,25,0,2,2,9,66.358,65.958,67.771,66.028,66.459
GRID,proxy,proxy-P4-L2,256,16,25,0,4,2,9,55.788,55.328,56.570,55.457,55.919
GRID,proxy,proxy-P8-L2,256,16,25,0,8,2,9,54.726,53.834,55.698,54.445,54.776
GRID,proxy,proxy-P1-L2,256,32,25,0,1,2,9,139.300,137.186,141.524,137.817,139.961
GRID,proxy,proxy-P2-L2,256,32,25,0,2,2,9,91.086,90.555,95.566,90.906,91.407
GRID,proxy,proxy-P4-L2,256,32,25,0,4,2,9,67.691,67.441,69.766,67.591,68.713
GRID,proxy,proxy-P8-L2,256,32,25,0,8,2,9,66.048,65.297,66.780,65.527,66.239
GRID,proxy,proxy-P1-L2,256,64,25,0,1,2,9,236.087,230.767,240.365,234.223,238.362
GRID,proxy,proxy-P2-L2,256,64,25,0,2,2,9,141.454,140.051,143.658,141.184,141.674
GRID,proxy,proxy-P4-L2,256,64,25,0,4,2,9,93.662,92.689,95.134,92.880,93.741
GRID,proxy,proxy-P8-L2,256,64,25,0,8,2,9,88.412,85.215,91.187,87.931,89.313
GRID,proxy,proxy-P1-L2,1024,2,25,0,1,2,9,47.432,47.141,48.615,47.241,47.653
GRID,proxy,proxy-P2-L2,1024,2,25,0,2,2,9,44.787,44.085,46.120,44.516,44.827
GRID,proxy,proxy-P1-L2,1024,4,25,0,1,2,9,53.574,52.943,54.455,53.464,53.794
GRID,proxy,proxy-P2-L2,1024,4,25,0,2,2,9,47.822,47.342,48.374,47.532,47.883
GRID,proxy,proxy-P4-L2,1024,4,25,0,4,2,9,46.209,45.658,46.571,45.919,46.420
GRID,proxy,proxy-P1-L2,1024,8,25,0,1,2,9,66.118,64.906,68.663,65.497,67.210
GRID,proxy,proxy-P2-L2,1024,8,25,0,2,2,9,53.984,53.383,54.435,53.915,54.285
GRID,proxy,proxy-P4-L2,1024,8,25,0,4,2,9,49.365,48.995,49.807,49.105,49.436
GRID,proxy,proxy-P8-L2,1024,8,25,0,8,2,9,49.315,48.875,50.097,49.025,49.356
GRID,proxy,proxy-P1-L2,1024,16,25,0,1,2,9,90.205,89.203,91.567,89.744,91.477
GRID,proxy,proxy-P2-L2,1024,16,25,0,2,2,9,66.589,65.567,67.461,66.188,66.970
GRID,proxy,proxy-P4-L2,1024,16,25,0,4,2,9,55.137,54.806,56.820,54.897,55.518
GRID,proxy,proxy-P8-L2,1024,16,25,0,8,2,9,54.716,53.814,55.558,54.566,54.766
GRID,proxy,proxy-P1-L2,1024,32,25,0,1,2,9,138.679,135.833,139.750,136.735,139.601
GRID,proxy,proxy-P2-L2,1024,32,25,0,2,2,9,90.986,90.445,92.690,90.836,91.247
GRID,proxy,proxy-P4-L2,1024,32,25,0,4,2,9,67.891,67.471,69.755,67.541,67.992
GRID,proxy,proxy-P8-L2,1024,32,25,0,8,2,9,65.687,64.866,68.854,65.547,66.439
GRID,proxy,proxy-P1-L2,1024,64,25,0,1,2,9,235.837,234.515,241.378,235.617,238.051
GRID,proxy,proxy-P2-L2,1024,64,25,0,2,2,9,141.364,138.899,142.696,140.402,141.594
GRID,proxy,proxy-P4-L2,1024,64,25,0,4,2,9,92.550,91.948,93.621,92.439,92.720
GRID,proxy,proxy-P8-L2,1024,64,25,0,8,2,9,88.090,84.915,89.674,87.429,88.501
GRID,proxy,proxy-P1-L2,4096,2,25,0,1,2,9,47.462,46.690,48.524,47.251,47.642
GRID,proxy,proxy-P2-L2,4096,2,25,0,2,2,9,44.546,44.276,45.949,44.315,44.677
GRID,proxy,proxy-P1-L2,4096,4,25,0,1,2,9,53.754,53.343,54.776,53.654,54.135
GRID,proxy,proxy-P2-L2,4096,4,25,0,2,2,9,47.872,47.351,48.794,47.783,48.203
GRID,proxy,proxy-P4-L2,4096,4,25,0,4,2,9,45.899,45.417,46.430,45.759,46.139
GRID,proxy,proxy-P1-L2,4096,8,25,0,1,2,9,66.078,64.966,66.639,65.697,66.579
GRID,proxy,proxy-P2-L2,4096,8,25,0,2,2,9,53.914,53.443,54.986,53.854,53.955
GRID,proxy,proxy-P4-L2,4096,8,25,0,4,2,9,49.285,48.695,49.596,49.105,49.465
GRID,proxy,proxy-P8-L2,4096,8,25,0,8,2,9,49.045,48.745,52.692,48.915,49.847
GRID,proxy,proxy-P1-L2,4096,16,25,0,1,2,9,90.275,88.571,96.136,89.774,90.426
GRID,proxy,proxy-P2-L2,4096,16,25,0,2,2,9,66.269,65.397,67.751,66.128,66.569
GRID,proxy,proxy-P4-L2,4096,16,25,0,4,2,9,55.287,55.097,56.399,55.197,55.989
GRID,proxy,proxy-P8-L2,4096,16,25,0,8,2,9,54.636,53.994,56.079,54.295,55.147
GRID,proxy,proxy-P1-L2,4096,32,25,0,1,2,9,138.218,136.674,141.344,137.346,140.672
GRID,proxy,proxy-P2-L2,4096,32,25,0,2,2,9,90.976,90.255,91.808,90.766,91.387
GRID,proxy,proxy-P4-L2,4096,32,25,0,4,2,9,67.912,67.271,68.443,67.721,68.022
GRID,proxy,proxy-P8-L2,4096,32,25,0,8,2,9,66.218,65.788,66.940,65.937,66.289
GRID,proxy,proxy-P1-L2,4096,64,25,0,1,2,9,236.238,230.987,241.869,233.793,238.101
GRID,proxy,proxy-P2-L2,4096,64,25,0,2,2,9,141.323,138.429,142.225,139.881,141.685
GRID,proxy,proxy-P4-L2,4096,64,25,0,4,2,9,93.121,92.469,93.912,92.699,93.281
GRID,proxy,proxy-P8-L2,4096,64,25,0,8,2,9,88.211,87.600,88.952,87.810,88.652
GRID,proxy,proxy-P1-L2,16384,2,25,0,1,2,9,47.462,47.071,48.414,47.292,47.762
GRID,proxy,proxy-P2-L2,16384,2,25,0,2,2,9,44.536,44.276,44.887,44.466,44.576
GRID,proxy,proxy-P1-L2,16384,4,25,0,1,2,9,53.644,52.923,54.315,53.423,54.165
GRID,proxy,proxy-P2-L2,16384,4,25,0,2,2,9,47.872,47.192,48.835,47.862,48.333
GRID,proxy,proxy-P4-L2,16384,4,25,0,4,2,9,46.059,45.598,46.630,45.939,46.430
GRID,proxy,proxy-P1-L2,16384,8,25,0,1,2,9,66.138,65.177,66.579,65.888,66.459
GRID,proxy,proxy-P2-L2,16384,8,25,0,2,2,9,54.104,53.203,54.756,53.834,54.395
GRID,proxy,proxy-P4-L2,16384,8,25,0,4,2,9,49.225,48.805,50.278,49.175,49.296
GRID,proxy,proxy-P8-L2,16384,8,25,0,8,2,9,49.325,48.394,50.057,49.045,49.656
GRID,proxy,proxy-P1-L2,16384,16,25,0,1,2,9,90.255,89.173,91.547,89.814,91.157
GRID,proxy,proxy-P2-L2,16384,16,25,0,2,2,9,66.228,65.286,67.331,65.948,66.359
GRID,proxy,proxy-P4-L2,16384,16,25,0,4,2,9,55.257,54.686,56.289,54.957,55.538
GRID,proxy,proxy-P8-L2,16384,16,25,0,8,2,9,54.806,54.335,55.387,54.485,54.916
GRID,proxy,proxy-P1-L2,16384,32,25,0,1,2,9,138.538,135.783,140.752,137.085,138.959
GRID,proxy,proxy-P2-L2,16384,32,25,0,2,2,9,90.926,90.535,91.858,90.775,91.347
GRID,proxy,proxy-P4-L2,16384,32,25,0,4,2,9,68.252,67.361,69.134,67.891,68.743
GRID,proxy,proxy-P8-L2,16384,32,25,0,8,2,9,66.188,65.457,69.344,65.807,66.930
GRID,proxy,proxy-P1-L2,16384,64,25,0,1,2,9,237.249,235.537,242.911,236.288,239.615
GRID,proxy,proxy-P2-L2,16384,64,25,0,2,2,9,139.921,139.590,142.196,139.821,140.642
GRID,proxy,proxy-P4-L2,16384,64,25,0,4,2,9,92.810,92.249,95.054,92.559,93.351
GRID,proxy,proxy-P8-L2,16384,64,25,0,8,2,9,88.642,88.261,90.555,88.411,88.782
GRID,proxy,proxy-P1-L2,65536,2,25,0,1,2,9,47.752,47.252,48.984,47.532,47.813
GRID,proxy,proxy-P2-L2,65536,2,25,0,2,2,9,44.687,44.356,45.207,44.566,45.058
GRID,proxy,proxy-P1-L2,65536,4,25,0,1,2,9,53.944,53.043,55.298,53.483,54.094
GRID,proxy,proxy-P2-L2,65536,4,25,0,2,2,9,48.023,47.151,50.007,47.882,48.374
GRID,proxy,proxy-P4-L2,65536,4,25,0,4,2,9,45.949,45.688,51.159,45.809,46.070
GRID,proxy,proxy-P1-L2,65536,8,25,0,1,2,9,65.948,64.775,66.970,65.377,66.289
GRID,proxy,proxy-P2-L2,65536,8,25,0,2,2,9,54.044,53.564,54.595,53.744,54.145
GRID,proxy,proxy-P4-L2,65536,8,25,0,4,2,9,49.226,47.562,49.846,48.904,49.356
GRID,proxy,proxy-P8-L2,65536,8,25,0,8,2,9,49.686,48.665,52.281,49.075,50.438
GRID,proxy,proxy-P1-L2,65536,16,25,0,1,2,9,90.356,88.141,92.019,89.995,90.525
GRID,proxy,proxy-P2-L2,65536,16,25,0,2,2,9,66.128,65.136,66.820,65.988,66.569
GRID,proxy,proxy-P4-L2,65536,16,25,0,4,2,9,64.545,64.214,64.896,64.355,64.765
GRID,proxy,proxy-P8-L2,65536,16,25,0,8,2,9,65.006,64.545,65.406,64.796,65.086
GRID,proxy,proxy-P1-L2,65536,32,25,0,1,2,9,138.148,136.254,142.646,137.036,139.160
GRID,proxy,proxy-P2-L2,65536,32,25,0,2,2,9,107.798,107.398,108.460,107.509,108.109
GRID,proxy,proxy-P4-L2,65536,32,25,0,4,2,9,107.889,107.298,108.681,107.809,108.250
GRID,proxy,proxy-P8-L2,65536,32,25,0,8,2,9,108.220,107.278,111.205,107.828,108.581
GRID,proxy,proxy-P1-L2,65536,64,25,0,1,2,9,235.035,231.268,240.175,233.583,238.662
GRID,proxy,proxy-P2-L2,65536,64,25,0,2,2,9,193.855,192.774,194.947,193.665,193.866
GRID,proxy,proxy-P4-L2,65536,64,25,0,4,2,9,194.386,193.725,194.617,194.066,194.456
GRID,proxy,proxy-P8-L2,65536,64,25,0,8,2,9,194.176,193.695,194.967,194.066,194.507
GRID,proxy,proxy-P1-L2,262144,2,25,0,1,2,9,47.583,46.790,48.233,47.282,47.782
GRID,proxy,proxy-P2-L2,262144,2,25,0,2,2,9,44.666,44.356,45.458,44.437,44.967
GRID,proxy,proxy-P1-L2,262144,4,25,0,1,2,9,63.803,63.423,67.180,63.533,64.075
GRID,proxy,proxy-P2-L2,262144,4,25,0,2,2,9,64.285,63.944,64.556,64.184,64.435
GRID,proxy,proxy-P4-L2,262144,4,25,0,4,2,9,64.385,64.144,64.765,64.235,64.555
GRID,proxy,proxy-P1-L2,262144,8,25,0,1,2,9,107.108,106.817,107.519,107.067,107.208
GRID,proxy,proxy-P2-L2,262144,8,25,0,2,2,9,107.307,106.736,108.200,107.097,107.609
GRID,proxy,proxy-P4-L2,262144,8,25,0,4,2,9,107.368,106.907,111.105,107.138,107.688
GRID,proxy,proxy-P8-L2,262144,8,25,0,8,2,9,107.609,107.318,108.430,107.438,108.109
GRID,proxy,proxy-P1-L2,262144,16,25,0,1,2,9,193.224,192.913,193.846,193.114,193.585
GRID,proxy,proxy-P2-L2,262144,16,25,0,2,2,9,193.855,193.325,194.026,193.755,193.876
GRID,proxy,proxy-P4-L2,262144,16,25,0,4,2,9,193.785,193.615,194.266,193.745,194.096
GRID,proxy,proxy-P8-L2,262144,16,25,0,8,2,9,194.357,194.046,195.298,194.316,194.507
GRID,proxy,spin-only,0,0,100,0,1,2,9,111.266,110.634,111.796,110.915,111.446
GRID,proxy,proxy-P1-L2,256,2,100,0,1,2,9,122.377,121.656,122.999,122.347,122.467
GRID,proxy,proxy-P2-L2,256,2,100,0,2,2,9,119.832,119.251,120.303,119.451,120.002
GRID,proxy,proxy-P1-L2,256,4,100,0,1,2,9,128.689,128.108,129.120,128.569,128.749
GRID,proxy,proxy-P2-L2,256,4,100,0,2,2,9,122.828,122.277,123.229,122.588,123.098
GRID,proxy,proxy-P4-L2,256,4,100,0,4,2,9,120.854,120.443,121.284,120.794,121.104
GRID,proxy,proxy-P1-L2,256,8,100,0,1,2,9,140.673,139.811,141.184,140.101,141.103
GRID,proxy,proxy-P2-L2,256,8,100,0,2,2,9,129.190,128.499,129.331,128.770,129.270
GRID,proxy,proxy-P4-L2,256,8,100,0,4,2,9,124.070,123.529,124.832,123.690,124.191
GRID,proxy,proxy-P8-L2,256,8,100,0,8,2,9,124.011,123.479,124.230,123.850,124.110
GRID,proxy,proxy-P1-L2,256,16,100,0,1,2,9,165.089,164.328,166.753,164.910,165.480
GRID,proxy,proxy-P2-L2,256,16,100,0,2,2,9,141.534,140.642,142.346,140.863,141.815
GRID,proxy,proxy-P4-L2,256,16,100,0,4,2,9,130.303,129.731,130.803,130.162,130.613
GRID,proxy,proxy-P8-L2,256,16,100,0,8,2,9,129.451,129.000,130.794,129.220,129.521
GRID,proxy,proxy-P1-L2,256,32,100,0,1,2,9,213.894,212.342,216.379,213.423,215.447
GRID,proxy,proxy-P2-L2,256,32,100,0,2,2,9,166.372,165.410,166.643,165.841,166.523
GRID,proxy,proxy-P4-L2,256,32,100,0,4,2,9,142.836,142.356,143.317,142.597,143.218
GRID,proxy,proxy-P8-L2,256,32,100,0,8,2,9,140.773,140.452,142.656,140.562,140.913
GRID,proxy,proxy-P1-L2,256,64,100,0,1,2,9,312.325,306.934,315.521,308.228,313.186
GRID,proxy,proxy-P2-L2,256,64,100,0,2,2,9,215.929,214.004,217.451,215.447,216.029
GRID,proxy,proxy-P4-L2,256,64,100,0,4,2,9,167.936,167.124,168.556,167.485,168.306
GRID,proxy,proxy-P8-L2,256,64,100,0,8,2,9,163.257,161.693,165.401,162.925,163.748
GRID,proxy,proxy-P1-L2,1024,2,100,0,1,2,9,122.608,122.177,127.808,122.397,122.888
GRID,proxy,proxy-P2-L2,1024,2,100,0,2,2,9,119.762,119.331,120.663,119.641,119.772
GRID,proxy,proxy-P1-L2,1024,4,100,0,1,2,9,128.439,127.106,129.281,127.998,128.579
GRID,proxy,proxy-P2-L2,1024,4,100,0,2,2,9,122.667,122.447,123.900,122.537,122.938
GRID,proxy,proxy-P4-L2,1024,4,100,0,4,2,9,121.014,120.423,121.555,120.663,121.175
GRID,proxy,proxy-P1-L2,1024,8,100,0,1,2,9,140.662,140.382,141.714,140.623,141.264
GRID,proxy,proxy-P2-L2,1024,8,100,0,2,2,9,129.040,128.198,130.372,129.000,129.231
GRID,proxy,proxy-P4-L2,1024,8,100,0,4,2,9,123.921,123.790,124.691,123.830,124.020
GRID,proxy,proxy-P8-L2,1024,8,100,0,8,2,9,123.840,123.218,124.682,123.750,124.401
GRID,proxy,proxy-P1-L2,1024,16,100,0,1,2,9,165.801,163.938,166.332,165.030,166.232
GRID,proxy,proxy-P2-L2,1024,16,100,0,2,2,9,141.494,140.643,142.166,141.434,141.825
GRID,proxy,proxy-P4-L2,1024,16,100,0,4,2,9,130.172,129.701,130.693,129.931,130.353
GRID,proxy,proxy-P8-L2,1024,16,100,0,8,2,9,129.772,129.260,130.322,129.390,130.182
GRID,proxy,proxy-P1-L2,1024,32,100,0,1,2,9,214.145,211.189,214.997,213.273,214.165
GRID,proxy,proxy-P2-L2,1024,32,100,0,2,2,9,166.042,165.040,166.693,165.981,166.222
GRID,proxy,proxy-P4-L2,1024,32,100,0,4,2,9,142.807,142.256,143.408,142.586,142.967
GRID,proxy,proxy-P8-L2,1024,32,100,0,8,2,9,140.623,140.032,141.364,140.563,140.943
GRID,proxy,proxy-P1-L2,1024,64,100,0,1,2,9,312.314,310.170,316.543,310.521,315.280
GRID,proxy,proxy-P2-L2,1024,64,100,0,2,2,9,215.668,214.135,218.162,214.977,215.919
GRID,proxy,proxy-P4-L2,1024,64,100,0,4,2,9,167.264,166.302,168.025,166.813,167.825
GRID,proxy,proxy-P8-L2,1024,64,100,0,8,2,9,162.274,159.990,165.060,161.743,163.717
GRID,proxy,proxy-P1-L2,4096,2,100,0,1,2,9,122.467,122.266,122.939,122.447,122.798
GRID,proxy,proxy-P2-L2,4096,2,100,0,2,2,9,119.802,119.412,125.203,119.632,120.223
GRID,proxy,proxy-P1-L2,4096,4,100,0,1,2,9,129.060,128.539,129.601,128.820,129.200
GRID,proxy,proxy-P2-L2,4096,4,100,0,2,2,9,122.848,122.297,123.078,122.597,122.878
GRID,proxy,proxy-P4-L2,4096,4,100,0,4,2,9,120.944,120.323,121.786,120.743,121.154
GRID,proxy,proxy-P1-L2,4096,8,100,0,1,2,9,141.274,139.881,142.065,141.043,141.724
GRID,proxy,proxy-P2-L2,4096,8,100,0,2,2,9,129.320,128.839,130.422,129.160,129.711
GRID,proxy,proxy-P4-L2,4096,8,100,0,4,2,9,123.740,123.319,124.441,123.599,124.241
GRID,proxy,proxy-P8-L2,4096,8,100,0,8,2,9,123.870,123.600,124.932,123.789,124.441
GRID,proxy,proxy-P1-L2,4096,16,100,0,1,2,9,165.741,165.470,166.843,165.591,165.821
GRID,proxy,proxy-P2-L2,4096,16,100,0,2,2,9,141.334,140.112,142.075,141.174,141.614
GRID,proxy,proxy-P4-L2,4096,16,100,0,4,2,9,130.352,130.062,131.044,130.262,130.703
GRID,proxy,proxy-P8-L2,4096,16,100,0,8,2,9,129.731,129.050,130.303,129.341,129.951
GRID,proxy,proxy-P1-L2,4096,32,100,0,1,2,9,214.074,211.890,216.269,212.782,215.948
GRID,proxy,proxy-P2-L2,4096,32,100,0,2,2,9,166.182,165.200,166.473,165.942,166.322
GRID,proxy,proxy-P4-L2,4096,32,100,0,4,2,9,142.977,142.115,143.398,142.887,143.047
GRID,proxy,proxy-P8-L2,4096,32,100,0,8,2,9,141.354,140.512,142.265,140.933,141.715
GRID,proxy,proxy-P1-L2,4096,64,100,0,1,2,9,311.423,306.564,316.052,308.588,312.786
GRID,proxy,proxy-P2-L2,4096,64,100,0,2,2,9,215.358,214.054,216.659,215.067,215.938
GRID,proxy,proxy-P4-L2,4096,64,100,0,4,2,9,167.886,167.024,168.657,167.153,168.235
GRID,proxy,proxy-P8-L2,4096,64,100,0,8,2,9,162.916,162.214,164.448,162.494,163.667
GRID,proxy,proxy-P1-L2,16384,2,100,0,1,2,9,122.247,121.917,123.199,122.197,122.688
GRID,proxy,proxy-P2-L2,16384,2,100,0,2,2,9,119.672,119.051,120.754,119.471,120.393
GRID,proxy,proxy-P1-L2,16384,4,100,0,1,2,9,128.819,127.788,129.221,128.569,128.939
GRID,proxy,proxy-P2-L2,16384,4,100,0,2,2,9,123.088,122.447,123.750,122.607,123.299
GRID,proxy,proxy-P4-L2,16384,4,100,0,4,2,9,120.654,120.343,121.415,120.564,120.844
GRID,proxy,proxy-P1-L2,16384,8,100,0,1,2,9,141.053,139.831,141.684,140.312,141.384
GRID,proxy,proxy-P2-L2,16384,8,100,0,2,2,9,129.040,128.799,129.571,128.939,129.351
GRID,proxy,proxy-P4-L2,16384,8,100,0,4,2,9,124.040,123.700,124.681,123.920,124.161
GRID,proxy,proxy-P8-L2,16384,8,100,0,8,2,9,124.080,123.459,124.501,123.740,124.160
GRID,proxy,proxy-P1-L2,16384,16,100,0,1,2,9,165.651,163.717,166.723,165.180,165.981
GRID,proxy,proxy-P2-L2,16384,16,100,0,2,2,9,141.734,141.314,142.286,141.474,141.955
GRID,proxy,proxy-P4-L2,16384,16,100,0,4,2,9,130.172,129.992,130.884,130.122,130.824
GRID,proxy,proxy-P8-L2,16384,16,100,0,8,2,9,129.591,128.769,130.042,129.481,129.771
GRID,proxy,proxy-P1-L2,16384,32,100,0,1,2,9,214.986,211.329,215.618,213.103,215.017
GRID,proxy,proxy-P2-L2,16384,32,100,0,2,2,9,166.091,165.070,166.382,165.862,166.312
GRID,proxy,proxy-P4-L2,16384,32,100,0,4,2,9,143.207,142.657,143.629,142.887,143.368
GRID,proxy,proxy-P8-L2,16384,32,100,0,8,2,9,140.923,140.362,142.416,140.763,141.504
GRID,proxy,proxy-P1-L2,16384,64,100,0,1,2,9,312.295,309.831,316.854,310.912,313.537
GRID,proxy,proxy-P2-L2,16384,64,100,0,2,2,9,215.458,214.084,217.512,214.726,215.547
GRID,proxy,proxy-P4-L2,16384,64,100,0,4,2,9,167.394,167.164,168.627,167.194,167.565
GRID,proxy,proxy-P8-L2,16384,64,100,0,8,2,9,163.096,162.405,165.290,162.645,163.887
GRID,proxy,proxy-P1-L2,65536,2,100,0,1,2,9,122.718,122.307,123.720,122.437,123.128
GRID,proxy,proxy-P2-L2,65536,2,100,0,2,2,9,119.812,119.311,120.403,119.792,120.153
GRID,proxy,proxy-P1-L2,65536,4,100,0,1,2,9,128.569,127.988,129.651,128.219,128.939
GRID,proxy,proxy-P2-L2,65536,4,100,0,2,2,9,122.808,122.347,123.179,122.667,123.138
GRID,proxy,proxy-P4-L2,65536,4,100,0,4,2,9,120.744,120.533,121.525,120.594,121.245
GRID,proxy,proxy-P1-L2,65536,8,100,0,1,2,9,141.084,139.952,142.225,140.622,141.605
GRID,proxy,proxy-P2-L2,65536,8,100,0,2,2,9,129.080,128.439,129.611,129.000,129.390
GRID,proxy,proxy-P4-L2,65536,8,100,0,4,2,9,124.021,123.880,124.281,123.910,124.080
GRID,proxy,proxy-P8-L2,65536,8,100,0,8,2,9,123.890,123.409,124.681,123.660,124.471
GRID,proxy,proxy-P1-L2,65536,16,100,0,1,2,9,165.521,164.418,167.274,164.889,165.931
GRID,proxy,proxy-P2-L2,65536,16,100,0,2,2,9,141.464,140.663,142.406,141.223,141.584
GRID,proxy,proxy-P4-L2,65536,16,100,0,4,2,9,130.393,130.132,130.954,130.263,130.573
GRID,proxy,proxy-P8-L2,65536,16,100,0,8,2,9,129.480,129.100,130.082,129.130,129.531
GRID,proxy,proxy-P1-L2,65536,32,100,0,1,2,9,212.562,211.569,216.900,212.311,215.999
GRID,proxy,proxy-P2-L2,65536,32,100,0,2,2,9,166.362,165.451,169.037,165.922,166.552
GRID,proxy,proxy-P4-L2,65536,32,100,0,4,2,9,142.967,142.265,143.938,142.676,143.308
GRID,proxy,proxy-P8-L2,65536,32,100,0,8,2,9,140.672,139.581,141.955,140.291,141.123
GRID,proxy,proxy-P1-L2,65536,64,100,0,1,2,9,312.916,306.705,315.121,307.134,313.487
GRID,proxy,proxy-P2-L2,65536,64,100,0,2,2,9,215.027,213.203,215.347,214.705,215.177
GRID,proxy,proxy-P4-L2,65536,64,100,0,4,2,9,193.826,193.314,194.306,193.715,193.906
GRID,proxy,proxy-P8-L2,65536,64,100,0,8,2,9,194.357,193.745,196.341,194.196,194.466
GRID,proxy,proxy-P1-L2,262144,2,100,0,1,2,9,122.578,121.676,123.189,122.317,122.948
GRID,proxy,proxy-P2-L2,262144,2,100,0,2,2,9,119.802,119.110,120.242,119.541,119.993
GRID,proxy,proxy-P1-L2,262144,4,100,0,1,2,9,128.659,127.617,129.260,128.188,128.749
GRID,proxy,proxy-P2-L2,262144,4,100,0,2,2,9,122.708,122.397,123.650,122.677,123.048
GRID,proxy,proxy-P4-L2,262144,4,100,0,4,2,9,121.065,120.473,121.435,120.994,121.075
GRID,proxy,proxy-P1-L2,262144,8,100,0,1,2,9,140.653,140.111,142.406,140.192,141.233
GRID,proxy,proxy-P2-L2,262144,8,100,0,2,2,9,129.100,128.188,129.350,128.729,129.130
GRID,proxy,proxy-P4-L2,262144,8,100,0,4,2,9,123.900,123.550,124.311,123.689,124.071
GRID,proxy,proxy-P8-L2,262144,8,100,0,8,2,9,123.880,123.420,124.591,123.629,124.040
GRID,proxy,proxy-P1-L2,262144,16,100,0,1,2,9,193.354,192.864,194.156,193.003,193.565
GRID,proxy,proxy-P2-L2,262144,16,100,0,2,2,9,193.525,193.414,194.076,193.444,193.656
GRID,proxy,proxy-P4-L2,262144,16,100,0,4,2,9,193.835,193.255,194.297,193.765,194.036
GRID,proxy,proxy-P8-L2,262144,16,100,0,8,2,9,194.316,193.876,195.308,194.136,194.497
GRID,proxy,spin-only,0,0,400,0,1,2,9,411.166,410.966,411.618,410.996,411.276
GRID,proxy,proxy-P1-L2,256,2,400,0,1,2,9,422.489,422.068,422.950,422.208,422.809
GRID,proxy,proxy-P2-L2,256,2,400,0,2,2,9,420.054,419.412,420.485,419.883,420.254
GRID,proxy,proxy-P1-L2,256,4,400,0,1,2,9,429.051,428.000,430.113,428.580,429.432
GRID,proxy,proxy-P2-L2,256,4,400,0,2,2,9,423.129,422.689,424.001,423.070,423.390
GRID,proxy,proxy-P4-L2,256,4,400,0,4,2,9,420.665,420.405,421.226,420.464,420.855
GRID,proxy,proxy-P1-L2,256,8,400,0,1,2,9,440.904,439.821,441.686,440.613,441.375
GRID,proxy,proxy-P2-L2,256,8,400,0,2,2,9,428.850,428.389,429.843,428.641,429.572
GRID,proxy,proxy-P4-L2,256,8,400,0,4,2,9,424.152,423.500,426.056,423.901,424.473
GRID,proxy,proxy-P8-L2,256,8,400,0,8,2,9,423.892,423.561,424.712,423.741,424.162
GRID,proxy,proxy-P1-L2,256,16,400,0,1,2,9,465.261,464.109,466.523,464.861,466.023
GRID,proxy,proxy-P2-L2,256,16,400,0,2,2,9,441.746,440.433,442.116,441.475,441.956
GRID,proxy,proxy-P4-L2,256,16,400,0,4,2,9,430.454,429.973,432.007,430.134,430.524
GRID,proxy,proxy-P8-L2,256,16,400,0,8,2,9,429.763,428.991,430.353,429.552,430.133
GRID,proxy,proxy-P1-L2,256,32,400,0,1,2,9,513.725,512.142,516.651,512.793,515.869
GRID,proxy,proxy-P2-L2,256,32,400,0,2,2,9,466.063,465.121,466.724,465.863,466.373
GRID,proxy,proxy-P4-L2,256,32,400,0,4,2,9,442.778,442.037,443.950,442.547,443.139
GRID,proxy,proxy-P8-L2,256,32,400,0,8,2,9,440.855,439.923,441.325,440.444,441.024
GRID,proxy,proxy-P1-L2,256,64,400,0,1,2,9,611.043,606.385,616.434,610.853,612.366
GRID,proxy,proxy-P2-L2,256,64,400,0,2,2,9,515.058,513.434,516.300,514.957,515.599
GRID,proxy,proxy-P4-L2,256,64,400,0,4,2,9,468.618,467.706,469.089,468.437,468.928
GRID,proxy,proxy-P8-L2,256,64,400,0,8,2,9,463.968,462.385,465.481,463.257,464.449
GRID,proxy,proxy-P1-L2,1024,2,400,0,1,2,9,422.699,421.697,423.200,422.409,422.859
GRID,proxy,proxy-P2-L2,1024,2,400,0,2,2,9,419.793,419.633,420.014,419.653,419.833
GRID,proxy,proxy-P1-L2,1024,4,400,0,1,2,9,428.860,428.340,429.371,428.661,428.971
GRID,proxy,proxy-P2-L2,1024,4,400,0,2,2,9,422.909,422.429,423.641,422.508,423.571
GRID,proxy,proxy-P4-L2,1024,4,400,0,4,2,9,420.935,420.625,421.536,420.765,420.996
GRID,proxy,proxy-P1-L2,1024,8,400,0,1,2,9,441.004,440.444,442.357,440.914,441.646
GRID,proxy,proxy-P2-L2,1024,8,400,0,2,2,9,429.271,428.570,429.913,428.881,429.412
GRID,proxy,proxy-P4-L2,1024,8,400,0,4,2,9,424.072,423.591,424.562,423.971,424.182
GRID,proxy,proxy-P8-L2,1024,8,400,0,8,2,9,424.072,423.741,426.065,423.911,424.282
GRID,proxy,proxy-P1-L2,1024,16,400,0,1,2,9,465.011,463.949,466.324,464.420,466.263
GRID,proxy,proxy-P2-L2,1024,16,400,0,2,2,9,441.686,441.305,442.487,441.525,442.196
GRID,proxy,proxy-P4-L2,1024,16,400,0,4,2,9,430.464,430.003,431.085,430.404,430.775
GRID,proxy,proxy-P8-L2,1024,16,400,0,8,2,9,429.702,429.121,430.224,429.412,430.063
GRID,proxy,proxy-P1-L2,1024,32,400,0,1,2,9,514.246,512.242,515.829,513.836,515.038
GRID,proxy,proxy-P2-L2,1024,32,400,0,2,2,9,466.433,465.311,469.069,465.983,466.574
GRID,proxy,proxy-P4-L2,1024,32,400,0,4,2,9,442.838,442.437,443.570,442.758,443.179
GRID,proxy,proxy-P8-L2,1024,32,400,0,8,2,9,440.663,437.427,441.736,440.493,440.764
GRID,proxy,proxy-P1-L2,1024,64,400,0,1,2,9,610.823,606.474,616.575,610.442,614.691
GRID,proxy,proxy-P2-L2,1024,64,400,0,2,2,9,514.818,514.016,517.583,514.697,516.440
GRID,proxy,proxy-P4-L2,1024,64,400,0,4,2,9,467.937,467.035,468.728,467.436,468.298
GRID,proxy,proxy-P8-L2,1024,64,400,0,8,2,9,463.037,462.465,466.254,462.647,463.758
GRID,proxy,proxy-P1-L2,4096,2,400,0,1,2,9,422.348,421.656,423.039,422.067,422.458
GRID,proxy,proxy-P2-L2,4096,2,400,0,2,2,9,419.894,419.092,421.707,419.602,420.084
GRID,proxy,proxy-P1-L2,4096,4,400,0,1,2,9,428.801,428.580,429.572,428.730,429.261
GRID,proxy,proxy-P2-L2,4096,4,400,0,2,2,9,423.120,422.288,423.430,422.569,423.290
GRID,proxy,proxy-P4-L2,4096,4,400,0,4,2,9,420.975,420.595,421.747,420.835,421.116
GRID,proxy,proxy-P1-L2,4096,8,400,0,1,2,9,440.995,440.222,441.926,440.734,441.314
GRID,proxy,proxy-P2-L2,4096,8,400,0,2,2,9,429.031,428.470,429.612,428.911,429.092
GRID,proxy,proxy-P4-L2,4096,8,400,0,4,2,9,424.042,423.510,424.452,423.971,424.122
GRID,proxy,proxy-P8-L2,4096,8,400,0,8,2,9,424.282,423.530,426.877,423.881,424.483
GRID,proxy,proxy-P1-L2,4096,16,400,0,1,2,9,465.511,464.680,467.245,465.412,466.223
GRID,proxy,proxy-P2-L2,4096,16,400,0,2,2,9,441.536,441.055,442.427,441.255,441.615
GRID,proxy,proxy-P4-L2,4096,16,400,0,4,2,9,430.383,429.943,430.794,429.993,430.444
GRID,proxy,proxy-P8-L2,4096,16,400,0,8,2,9,429.492,428.740,429.842,429.312,429.582
GRID,proxy,proxy-P1-L2,4096,32,400,0,1,2,9,513.605,512.473,516.260,512.703,515.549
GRID,proxy,proxy-P2-L2,4096,32,400,0,2,2,9,466.433,464.970,468.066,465.662,466.834
GRID,proxy,proxy-P4-L2,4096,32,400,0,4,2,9,443.409,441.846,444.140,442.737,443.559
GRID,proxy,proxy-P8-L2,4096,32,400,0,8,2,9,441.144,440.012,441.225,440.814,441.174
GRID,proxy,proxy-P1-L2,4096,64,400,0,1,2,9,611.845,606.234,614.641,611.264,613.659
GRID,proxy,proxy-P2-L2,4096,64,400,0,2,2,9,515.479,514.837,516.610,515.188,515.809
GRID,proxy,proxy-P4-L2,4096,64,400,0,4,2,9,468.407,467.616,469.098,467.936,468.517
GRID,proxy,proxy-P8-L2,4096,64,400,0,8,2,9,463.157,461.484,463.748,462.677,463.247
GRID,proxy,proxy-P1-L2,16384,2,400,0,1,2,9,422.879,422.609,434.181,422.708,423.150
GRID,proxy,proxy-P2-L2,16384,2,400,0,2,2,9,419.913,419.303,420.404,419.703,420.214
GRID,proxy,proxy-P1-L2,16384,4,400,0,1,2,9,429.251,428.200,429.802,428.901,429.572
GRID,proxy,proxy-P2-L2,16384,4,400,0,2,2,9,422.960,422.408,423.410,422.749,423.079
GRID,proxy,proxy-P4-L2,16384,4,400,0,4,2,9,421.016,420.605,421.667,420.925,421.286
GRID,proxy,proxy-P1-L2,16384,8,400,0,1,2,9,441.024,440.323,442.276,440.753,441.515
GRID,proxy,proxy-P2-L2,16384,8,400,0,2,2,9,429.171,428.841,430.053,429.051,429.182
GRID,proxy,proxy-P4-L2,16384,8,400,0,4,2,9,423.951,423.350,424.603,423.741,423.971
GRID,proxy,proxy-P8-L2,16384,8,400,0,8,2,9,424.352,423.611,424.783,423.961,424.522
GRID,proxy,proxy-P1-L2,16384,16,400,0,1,2,9,465.612,464.159,466.654,464.710,465.853
GRID,proxy,proxy-P2-L2,16384,16,400,0,2,2,9,441.515,441.345,443.378,441.395,441.746
GRID,proxy,proxy-P4-L2,16384,16,400,0,4,2,9,430.434,429.582,430.624,430.183,430.504
GRID,proxy,proxy-P8-L2,16384,16,400,0,8,2,9,429.813,429.161,430.574,429.322,429.983
GRID,proxy,proxy-P1-L2,16384,32,400,0,1,2,9,514.858,511.792,517.713,513.535,515.248
GRID,proxy,proxy-P2-L2,16384,32,400,0,2,2,9,465.762,465.021,467.345,465.241,466.454
GRID,proxy,proxy-P4-L2,16384,32,400,0,4,2,9,442.698,442.508,443.269,442.607,442.778
GRID,proxy,proxy-P8-L2,16384,32,400,0,8,2,9,440.994,440.303,441.726,440.864,441.205
GRID,proxy,proxy-P1-L2,16384,64,400,0,1,2,9,611.354,608.869,616.223,610.593,615.302
GRID,proxy,proxy-P2-L2,16384,64,400,0,2,2,9,515.348,513.735,521.921,514.466,515.879
GRID,proxy,proxy-P4-L2,16384,64,400,0,4,2,9,467.956,467.556,468.598,467.686,468.087
GRID,proxy,proxy-P8-L2,16384,64,400,0,8,2,9,463.809,456.725,465.311,463.057,464.269
GRID,proxy,proxy-P1-L2,65536,2,400,0,1,2,9,423.009,422.027,423.811,422.849,423.129
GRID,proxy,proxy-P2-L2,65536,2,400,0,2,2,9,419.954,419.573,420.214,419.844,420.174
GRID,proxy,proxy-P1-L2,65536,4,400,0,1,2,9,429.112,427.899,429.743,428.380,429.572
GRID,proxy,proxy-P2-L2,65536,4,400,0,2,2,9,422.839,422.509,423.941,422.759,423.160
GRID,proxy,proxy-P4-L2,65536,4,400,0,4,2,9,421.086,420.535,421.657,420.885,421.276
GRID,proxy,proxy-P1-L2,65536,8,400,0,1,2,9,441.094,439.301,442.017,440.763,441.505
GRID,proxy,proxy-P2-L2,65536,8,400,0,2,2,9,429.332,428.630,430.834,428.780,429.803
GRID,proxy,proxy-P4-L2,65536,8,400,0,4,2,9,424.161,423.691,427.498,424.061,424.582
GRID,proxy,proxy-P8-L2,65536,8,400,0,8,2,9,423.992,423.350,424.542,423.951,424.242
GRID,proxy,proxy-P1-L2,65536,16,400,0,1,2,9,465.592,464.701,467.245,465.411,465.733
GRID,proxy,proxy-P2-L2,65536,16,400,0,2,2,9,441.345,440.584,442.758,441.295,441.656
GRID,proxy,proxy-P4-L2,65536,16,400,0,4,2,9,430.454,429.813,430.865,429.973,430.544
GRID,proxy,proxy-P8-L2,65536,16,400,0,8,2,9,429.502,428.681,430.484,429.412,430.113
GRID,proxy,proxy-P1-L2,65536,32,400,0,1,2,9,513.615,512.212,516.902,512.953,516.190
GRID,proxy,proxy-P2-L2,65536,32,400,0,2,2,9,466.002,465.192,469.560,465.892,466.494
GRID,proxy,proxy-P4-L2,65536,32,400,0,4,2,9,442.647,442.136,443.229,442.547,442.758
GRID,proxy,proxy-P8-L2,65536,32,400,0,8,2,9,441.104,440.213,445.092,440.743,441.194
GRID,proxy,proxy-P1-L2,65536,64,400,0,1,2,9,602.437,597.117,605.283,599.472,602.918
GRID,proxy,proxy-P2-L2,65536,64,400,0,2,2,9,513.164,511.741,514.106,512.613,513.445
GRID,proxy,proxy-P4-L2,65536,64,400,0,4,2,9,466.513,465.793,467.185,466.453,466.815
GRID,proxy,proxy-P8-L2,65536,64,400,0,8,2,9,462.135,461.323,464.370,461.774,462.456
GRID,proxy,proxy-P1-L2,262144,2,400,0,1,2,9,422.428,421.847,423.170,422.378,422.749
GRID,proxy,proxy-P2-L2,262144,2,400,0,2,2,9,419.923,419.542,422.048,419.754,420.345
GRID,proxy,proxy-P1-L2,262144,4,400,0,1,2,9,428.119,427.699,428.620,428.069,428.379
GRID,proxy,proxy-P2-L2,262144,4,400,0,2,2,9,422.458,421.917,422.939,422.148,422.768
GRID,proxy,proxy-P4-L2,262144,4,400,0,4,2,9,420.615,419.933,421.316,420.404,421.035
GRID,proxy,proxy-P1-L2,262144,8,400,0,1,2,9,439.822,438.660,440.794,439.772,440.363
GRID,proxy,proxy-P2-L2,262144,8,400,0,2,2,9,428.650,427.959,429.442,428.310,429.091
GRID,proxy,proxy-P4-L2,262144,8,400,0,4,2,9,423.721,423.309,424.212,423.510,423.981
GRID,proxy,proxy-P8-L2,262144,8,400,0,8,2,9,423.581,423.169,424.312,423.451,424.022
GRID,proxy,proxy-P1-L2,262144,16,400,0,1,2,9,462.867,460.983,463.948,462.155,463.327
GRID,proxy,proxy-P2-L2,262144,16,400,0,2,2,9,440.414,440.042,443.569,440.063,441.065
GRID,proxy,proxy-P4-L2,262144,16,400,0,4,2,9,429.783,429.211,430.614,429.371,430.043
GRID,proxy,proxy-P8-L2,262144,16,400,0,8,2,9,428.900,427.668,429.822,428.780,429.021
GRID,path,config,bytes,K,D,B,P,L,samples,median_us,min_us,max_us,p25_us,p75_us
GRID,proxy,spin-only,0,0,0,0,1,4,9,13.777,13.256,14.558,13.576,14.097
GRID,proxy,proxy-P1-L4,256,2,0,0,1,4,9,25.430,23.456,26.642,23.676,25.560
GRID,proxy,proxy-P2-L4,256,2,0,0,2,4,9,22.744,21.542,23.927,22.444,23.586
GRID,proxy,proxy-P1-L4,256,4,0,0,1,4,9,31.351,29.537,31.852,30.499,31.752
GRID,proxy,proxy-P2-L4,256,4,0,0,2,4,9,26.301,25.239,27.403,25.850,26.592
GRID,proxy,proxy-P4-L4,256,4,0,0,4,4,9,24.608,22.623,28.485,23.816,27.473
GRID,proxy,proxy-P1-L4,256,8,0,0,1,4,9,42.452,41.781,43.644,42.132,42.863
GRID,proxy,proxy-P2-L4,256,8,0,0,2,4,9,30.790,30.509,37.393,30.649,31.792
GRID,proxy,proxy-P4-L4,256,8,0,0,4,4,9,31.141,27.494,33.906,28.465,31.431
GRID,proxy,proxy-P8-L4,256,8,0,0,8,4,9,27.694,25.490,32.472,26.671,28.426
GRID,proxy,proxy-P1-L4,256,16,0,0,1,4,9,67.380,66.679,69.194,66.750,67.882
GRID,proxy,proxy-P2-L4,256,16,0,0,2,4,9,43.374,43.153,43.875,43.173,43.745
GRID,proxy,proxy-P4-L4,256,16,0,0,4,4,9,35.629,32.152,40.418,35.228,38.715
GRID,proxy,proxy-P8-L4,256,16,0,0,8,4,9,36.200,30.769,39.938,33.134,38.875
GRID,proxy,proxy-P1-L4,256,32,0,0,1,4,9,116.485,114.993,118.129,115.614,117.577
GRID,proxy,proxy-P2-L4,256,32,0,0,2,4,9,68.473,66.900,70.016,67.451,69.735
GRID,proxy,proxy-P4-L4,256,32,0,0,4,4,9,52.943,46.290,58.634,50.338,54.135
GRID,proxy,proxy-P8-L4,256,32,0,0,8,4,9,48.804,46.210,52.372,48.184,49.607
GRID,proxy,proxy-P1-L4,256,64,0,0,1,4,9,213.363,210.207,216.460,211.821,214.726
GRID,proxy,proxy-P2-L4,256,64,0,0,2,4,9,117.006,116.365,119.031,116.536,118.429
GRID,proxy,proxy-P4-L4,256,64,0,0,4,4,9,83.802,79.554,93.170,82.309,85.185
GRID,proxy,proxy-P8-L4,256,64,0,0,8,4,9,71.058,66.779,74.244,70.206,72.901
GRID,proxy,proxy-P1-L4,1024,2,0,0,1,4,9,24.437,23.866,25.519,23.967,24.467
GRID,proxy,proxy-P2-L4,1024,2,0,0,2,4,9,22.183,21.291,23.285,21.462,22.874
GRID,proxy,proxy-P1-L4,1024,4,0,0,1,4,9,30.479,29.598,31.631,30.099,30.800
GRID,proxy,proxy-P2-L4,1024,4,0,0,2,4,9,25.370,24.718,28.706,25.079,25.820
GRID,proxy,proxy-P4-L4,1024,4,0,0,4,4,9,24.136,23.135,29.978,23.616,28.034
GRID,proxy,proxy-P1-L4,1024,8,0,0,1,4,9,43.414,42.532,44.967,42.833,43.464
GRID,proxy,proxy-P2-L4,1024,8,0,0,2,4,9,31.140,30.530,31.902,30.909,31.501
GRID,proxy,proxy-P4-L4,1024,8,0,0,4,4,9,27.554,26.100,31.872,27.022,28.185
GRID,proxy,proxy-P8-L4,1024,8,0,0,8,4,9,27.173,25.479,30.629,25.690,29.497
GRID,proxy,proxy-P1-L4,1024,16,0,0,1,4,9,67.160,65.847,69.444,66.960,67.330
GRID,proxy,proxy-P2-L4,1024,16,0,0,2,4,9,43.845,42.873,46.610,43.224,44.617
GRID,proxy,proxy-P4-L4,1024,16,0,0,4,4,9,36.891,33.255,40.028,35.028,38.755
GRID,proxy,proxy-P8-L4,1024,16,0,0,8,4,9,34.046,30.789,40.308,33.785,37.873
GRID,proxy,proxy-P1-L4,1024,32,0,0,1,4,9,116.165,114.612,119.100,115.484,116.516
GRID,proxy,proxy-P2-L4,1024,32,0,0,2,4,9,68.032,67.050,68.603,67.621,68.302
GRID,proxy,proxy-P4-L4,1024,32,0,0,4,4,9,52.612,49.185,57.642,51.490,55.387
GRID,proxy,proxy-P8-L4,1024,32,0,0,8,4,9,48.233,46.130,52.842,47.231,51.650
GRID,proxy,proxy-P1-L4,1024,64,0,0,1,4,9,214.355,209.746,218.633,212.762,215.467
GRID,proxy,proxy-P2-L4,1024,64,0,0,2,4,9,116.926,115.685,118.750,116.516,117.828
GRID,proxy,proxy-P4-L4,1024,64,0,0,4,4,9,80.626,75.296,85.335,78.061,82.600
GRID,proxy,proxy-P8-L4,1024,64,0,0,8,4,9,69.033,63.153,75.666,67.040,72.170
GRID,proxy,proxy-P1-L4,4096,2,0,0,1,4,9,24.387,23.876,27.253,24.117,24.828
GRID,proxy,proxy-P2-L4,4096,2,0,0,2,4,9,21.922,21.392,22.163,21.522,22.062
GRID,proxy,proxy-P1-L4,4096,4,0,0,1,4,9,30.389,30.118,31.340,30.308,30.589
GRID,proxy,proxy-P2-L4,4096,4,0,0,2,4,9,25.490,25.209,33.695,25.339,25.931
GRID,proxy,proxy-P4-L4,4096,4,0,0,4,4,9,23.626,22.924,27.773,23.426,24.437
GRID,proxy,proxy-P1-L4,4096,8,0,0,1,4,9,42.622,42.282,44.546,42.342,43.033
GRID,proxy,proxy-P2-L4,4096,8,0,0,2,4,9,31.481,30.880,32.493,31.090,31.621
GRID,proxy,proxy-P4-L4,4096,8,0,0,4,4,9,27.113,26.231,35.599,26.792,31.311
GRID,proxy,proxy-P8-L4,4096,8,0,0,8,4,9,25.610,25.108,26.972,25.329,26.271
GRID,proxy,proxy-P1-L4,4096,16,0,0,1,4,9,67.671,66.519,68.883,67.291,67.741
GRID,proxy,proxy-P2-L4,4096,16,0,0,2,4,9,43.705,42.603,45.909,43.444,43.915
GRID,proxy,proxy-P4-L4,4096,16,0,0,4,4,9,34.096,33.265,38.194,33.635,35.409
GRID,proxy,proxy-P8-L4,4096,16,0,0,8,4,9,35.148,31.340,39.777,33.064,35.558
GRID,proxy,proxy-P1-L4,4096,32,0,0,1,4,9,116.616,115.203,122.216,115.353,117.187
GRID,proxy,proxy-P2-L4,4096,32,0,0,2,4,9,68.713,68.162,70.386,68.352,68.823
GRID,proxy,proxy-P4-L4,4096,32,0,0,4,4,9,50.668,46.661,58.934,49.657,52.321
GRID,proxy,proxy-P8-L4,4096,32,0,0,8,4,9,50.778,45.729,54.686,48.413,52.442
GRID,proxy,proxy-P1-L4,4096,64,0,0,1,4,9,211.810,210.337,214.476,211.189,212.281
GRID,proxy,proxy-P2-L4,4096,64,0,0,2,4,9,117.327,116.866,118.609,116.956,118.179
GRID,proxy,proxy-P4-L4,4096,64,0,0,4,4,9,82.279,79.785,90.565,81.127,87.489
GRID,proxy,proxy-P8-L4,4096,64,0,0,8,4,9,68.763,62.892,86.688,68.573,74.263
GRID,proxy,proxy-P1-L4,16384,2,0,0,1,4,9,25.679,24.818,26.482,25.259,25.800
GRID,proxy,proxy-P2-L4,16384,2,0,0,2,4,9,23.015,22.754,24.397,22.945,23.375
GRID,proxy,proxy-P1-L4,16384,4,0,0,1,4,9,31.571,31.131,32.483,31.280,32.242
GRID,proxy,proxy-P2-L4,16384,4,0,0,2,4,9,26.411,26.101,26.923,26.211,26.541
GRID,proxy,proxy-P4-L4,16384,4,0,0,4,4,9,24.628,24.147,25.991,24.537,25.179
GRID,proxy,proxy-P1-L4,16384,8,0,0,1,4,9,44.096,42.803,44.977,43.303,44.296
GRID,proxy,proxy-P2-L4,16384,8,0,0,2,4,9,32.323,31.481,33.535,32.262,32.713
GRID,proxy,proxy-P4-L4,16384,8,0,0,4,4,9,28.064,27.033,29.256,27.353,28.274
GRID,proxy,proxy-P8-L4,16384,8,0,0,8,4,9,27.663,27.113,28.395,27.393,27.764
GRID,proxy,proxy-P1-L4,16384,16,0,0,1,4,9,69.274,67.431,69.765,68.673,69.594
GRID,proxy,proxy-P2-L4,16384,16,0,0,2,4,9,45.027,43.976,47.392,44.396,45.559
GRID,proxy,proxy-P4-L4,16384,16,0,0,4,4,9,36.962,33.885,41.140,34.357,38.554
GRID,proxy,proxy-P8-L4,16384,16,0,0,8,4,9,32.372,32.282,39.497,32.343,32.984
GRID,proxy,proxy-P1-L4,16384,32,0,0,1,4,9,117.468,114.992,119.792,117.337,119.221
GRID,proxy,proxy-P2-L4,16384,32,0,0,2,4,9,69.735,68.403,72.320,68.713,70.116
GRID,proxy,proxy-P4-L4,16384,32,0,0,4,4,9,56.549,49.927,63.182,53.905,58.112
GRID,proxy,proxy-P8-L4,16384,32,0,0,8,4,9,50.177,44.386,54.064,48.043,51.640
GRID,proxy,proxy-P1-L4,16384,64,0,0,1,4,9,215.467,212.151,219.004,213.784,215.848
GRID,proxy,proxy-P2-L4,16384,64,0,0,2,4,9,118.099,116.476,121.074,117.408,119.431
GRID,proxy,proxy-P4-L4,16384,64,0,0,4,4,9,82.920,79.965,91.497,80.857,87.499
GRID,proxy,proxy-P8-L4,16384,64,0,0,8,4,9,71.729,66.168,79.193,69.695,74.314
GRID,proxy,proxy-P1-L4,65536,2,0,0,1,4,9,27.032,26.622,28.274,26.691,27.503
GRID,proxy,proxy-P2-L4,65536,2,0,0,2,4,9,26.912,26.371,29.667,26.822,27.312
GRID,proxy,proxy-P1-L4,65536,4,0,0,1,4,9,32.994,32.523,34.076,32.573,33.205
GRID,proxy,proxy-P2-L4,65536,4,0,0,2,4,9,32.222,31.852,32.984,32.142,32.483
GRID,proxy,proxy-P4-L4,65536,4,0,0,4,4,9,32.744,32.082,33.144,32.342,32.873
GRID,proxy,proxy-P1-L4,65536,8,0,0,1,4,9,45.117,44.486,46.450,44.997,45.708
GRID,proxy,proxy-P2-L4,65536,8,0,0,2,4,9,43.364,42.653,44.025,42.943,43.624
GRID,proxy,proxy-P4-L4,65536,8,0,0,4,4,9,43.795,42.623,49.125,43.554,44.055
GRID,proxy,proxy-P8-L4,65536,8,0,0,8,4,9,43.845,43.535,44.396,43.724,44.035
GRID,proxy,proxy-P1-L4,65536,16,0,0,1,4,9,70.136,68.823,71.789,69.826,70.817
GRID,proxy,proxy-P2-L4,65536,16,0,0,2,4,9,64.726,64.495,65.787,64.685,65.086
GRID,proxy,proxy-P4-L4,65536,16,0,0,4,4,9,64.906,64.605,67.231,64.815,64.936
GRID,proxy,proxy-P8-L4,65536,16,0,0,8,4,9,65.206,64.825,65.727,65.117,65.487
GRID,proxy,proxy-P1-L4,65536,32,0,0,1,4,9,119.411,117.648,123.609,118.921,119.692
GRID,proxy,proxy-P2-L4,65536,32,0,0,2,4,9,107.759,107.368,108.360,107.638,107.889
GRID,proxy,proxy-P4-L4,65536,32,0,0,4,4,9,108.090,107.378,109.672,107.859,108.209
GRID,proxy,proxy-P8-L4,65536,32,0,0,8,4,9,108.440,107.588,109.332,107.899,108.780
GRID,proxy,proxy-P1-L4,65536,64,0,0,1,4,9,216.128,213.834,218.614,215.277,217.692
GRID,proxy,proxy-P2-L4,65536,64,0,0,2,4,9,194.166,193.574,195.088,193.726,194.286
GRID,proxy,proxy-P4-L4,65536,64,0,0,4,4,9,194.506,193.876,195.228,194.347,194.988
GRID,proxy,proxy-P8-L4,65536,64,0,0,8,4,9,194.987,194.196,196.000,194.858,195.810
GRID,proxy,proxy-P1-L4,262144,2,0,0,1,4,9,42.973,42.382,44.436,42.733,43.204
GRID,proxy,proxy-P2-L4,262144,2,0,0,2,4,9,43.234,42.712,45.789,43.084,43.614
GRID,proxy,proxy-P1-L4,262144,4,0,0,1,4,9,64.114,63.674,64.605,63.914,64.435
GRID,proxy,proxy-P2-L4,262144,4,0,0,2,4,9,64.585,63.953,65.347,64.244,65.046
GRID,proxy,proxy-P4-L4,262144,4,0,0,4,4,9,64.886,64.495,65.196,64.806,65.016
GRID,proxy,proxy-P1-L4,262144,8,0,0,1,4,9,107.669,107.007,108.721,107.267,108.159
GRID,proxy,proxy-P2-L4,262144,8,0,0,2,4,9,107.829,107.488,108.530,107.699,108.070
GRID,proxy,proxy-P4-L4,262144,8,0,0,4,4,9,107.699,107.498,112.438,107.609,107.989
GRID,proxy,proxy-P8-L4,262144,8,0,0,8,4,9,108.259,107.629,109.061,108.159,108.780
GRID,proxy,proxy-P1-L4,262144,16,0,0,1,4,9,193.995,193.565,200.528,193.955,194.527
GRID,proxy,proxy-P2-L4,262144,16,0,0,2,4,9,194.506,193.675,195.839,194.075,194.747
GRID,proxy,proxy-P4-L4,262144,16,0,0,4,4,9,194.697,193.725,195.107,194.377,194.918
GRID,proxy,proxy-P8-L4,262144,16,0,0,8,4,9,194.817,194.256,195.679,194.557,195.157
GRID,proxy,spin-only,0,0,25,0,1,4,9,36.671,36.120,37.482,36.331,36.942
GRID,proxy,proxy-P1-L4,256,2,25,0,1,4,9,47.953,47.602,50.989,47.752,48.334
GRID,proxy,proxy-P2-L4,256,2,25,0,2,4,9,45.057,44.587,46.891,44.796,45.198
GRID,proxy,proxy-P1-L4,256,4,25,0,1,4,9,54.315,53.724,57.541,53.914,54.366
GRID,proxy,proxy-P2-L4,256,4,25,0,2,4,9,48.073,47.412,48.845,47.923,48.274
GRID,proxy,proxy-P4-L4,256,4,25,0,4,4,9,45.247,44.987,46.841,45.187,45.418
GRID,proxy,proxy-P1-L4,256,8,25,0,1,4,9,66.328,65.437,68.873,65.807,66.789
GRID,proxy,proxy-P2-L4,256,8,25,0,2,4,9,54.335,53.884,55.036,54.115,54.796
GRID,proxy,proxy-P4-L4,256,8,25,0,4,4,9,48.534,47.832,49.285,48.133,48.654
GRID,proxy,proxy-P8-L4,256,8,25,0,8,4,9,47.161,46.440,48.354,46.661,47.602
GRID,proxy,proxy-P1-L4,256,16,25,0,1,4,9,90.956,89.984,91.717,90.465,91.057
GRID,proxy,proxy-P2-L4,256,16,25,0,2,4,9,66.659,65.947,67.271,66.359,66.989
GRID,proxy,proxy-P4-L4,256,16,25,0,4,4,9,54.566,54.155,55.798,54.426,54.767
GRID,proxy,proxy-P8-L4,256,16,25,0,8,4,9,50.378,49.947,52.211,50.217,50.537
GRID,proxy,proxy-P1-L4,256,32,25,0,1,4,9,140.031,138.509,141.344,139.009,140.993
GRID,proxy,proxy-P2-L4,256,32,25,0,2,4,9,92.009,91.096,93.030,91.317,92.128
GRID,proxy,proxy-P4-L4,256,32,25,0,4,4,9,66.539,66.219,68.713,66.509,67.120
GRID,proxy,proxy-P8-L4,256,32,25,0,8,4,9,56.690,56.098,58.212,56.500,56.800
GRID,proxy,proxy-P1-L4,256,64,25,0,1,4,9,237.570,233.542,241.638,235.806,239.634
GRID,proxy,proxy-P2-L4,256,64,25,0,2,4,9,140.532,139.400,141.995,140.102,140.902
GRID,proxy,proxy-P4-L4,256,64,25,0,4,4,9,92.530,91.898,93.321,91.978,93.120
GRID,proxy,proxy-P8-L4,256,64,25,0,8,4,9,70.446,69.404,82.841,69.845,74.694
GRID,proxy,proxy-P1-L4,1024,2,25,0,1,4,9,47.973,47.682,51.780,47.863,48.324
GRID,proxy,proxy-P2-L4,1024,2,25,0,2,4,9,44.957,44.656,47.172,44.737,45.408
GRID,proxy,proxy-P1-L4,1024,4,25,0,1,4,9,54.285,53.433,54.786,53.664,54.595
GRID,proxy,proxy-P2-L4,1024,4,25,0,2,4,9,48.183,47.752,48.705,47.993,48.344
GRID,proxy,proxy-P4-L4,1024,4,25,0,4,4,9,45.327,45.018,45.588,45.278,45.368
GRID,proxy,proxy-P1-L4,1024,8,25,0,1,4,9,66.148,65.747,66.860,66.018,66.649
GRID,proxy,proxy-P2-L4,1024,8,25,0,2,4,9,53.904,53.654,54.645,53.764,54.124
GRID,proxy,proxy-P4-L4,1024,8,25,0,4,4,9,48.444,48.093,50.919,48.133,48.705
GRID,proxy,proxy-P8-L4,1024,8,25,0,8,4,9,47.011,46.540,49.165,46.640,47.331
GRID,proxy,proxy-P1-L4,1024,16,25,0,1,4,9,90.375,89.914,92.099,90.205,91.177
GRID,proxy,proxy-P2-L4,1024,16,25,0,2,4,9,66.438,65.877,67.351,66.328,66.729
GRID,proxy,proxy-P4-L4,1024,16,25,0,4,4,9,54.636,53.874,55.457,54.415,54.986
GRID,proxy,proxy-P8-L4,1024,16,25,0,8,4,9,50.057,49.515,52.381,49.837,50.508
GRID,proxy,proxy-P1-L4,1024,32,25,0,1,4,9,140.442,138.558,141.303,140.021,141.173
GRID,proxy,proxy-P2-L4,1024,32,25,0,2,4,9,90.976,90.786,93.020,90.826,91.196
GRID,proxy,proxy-P4-L4,1024,32,25,0,4,4,9,67.150,66.889,72.601,66.900,68.092
GRID,proxy,proxy-P8-L4,1024,32,25,0,8,4,9,56.429,56.038,57.030,56.219,56.639
GRID,proxy,proxy-P1-L4,1024,64,25,0,1,4,9,238.001,235.937,241.648,236.748,238.672
GRID,proxy,proxy-P2-L4,1024,64,25,0,2,4,9,140.762,138.779,142.707,140.122,141.434
GRID,proxy,proxy-P4-L4,1024,64,25,0,4,4,9,91.908,90.265,93.171,91.808,92.389
GRID,proxy,proxy-P8-L4,1024,64,25,0,8,4,9,69.575,68.733,77.259,69.074,70.877
GRID,proxy,proxy-P1-L4,4096,2,25,0,1,4,9,47.883,47.663,48.764,47.723,48.324
GRID,proxy,proxy-P2-L4,4096,2,25,0,2,4,9,44.907,44.546,49.916,44.817,45.068
GRID,proxy,proxy-P1-L4,4096,4,25,0,1,4,9,54.405,53.213,54.736,53.764,54.525
GRID,proxy,proxy-P2-L4,4096,4,25,0,2,4,9,48.064,47.753,48.764,47.973,48.443
GRID,proxy,proxy-P4-L4,4096,4,25,0,4,4,9,45.448,45.017,46.240,45.098,45.608
GRID,proxy,proxy-P1-L4,4096,8,25,0,1,4,9,66.058,65.276,66.810,65.587,66.399
GRID,proxy,proxy-P2-L4,4096,8,25,0,2,4,9,54.125,53.914,55.557,53.954,54.956
GRID,proxy,proxy-P4-L4,4096,8,25,0,4,4,9,48.634,47.873,51.329,48.393,48.955
GRID,proxy,proxy-P8-L4,4096,8,25,0,8,4,9,46.821,46.340,51.410,46.720,46.961
GRID,proxy,proxy-P1-L4,4096,16,25,0,1,4,9,90.946,90.095,91.608,90.275,91.517
GRID,proxy,proxy-P2-L4,4096,16,25,0,2,4,9,66.459,65.948,67.070,66.339,66.840
GRID,proxy,proxy-P4-L4,4096,16,25,0,4,4,9,54.636,54.215,55.207,54.265,54.856
GRID,proxy,proxy-P8-L4,4096,16,25,0,8,4,9,50.147,49.906,51.540,49.987,50.629
GRID,proxy,proxy-P1-L4,4096,32,25,0,1,4,9,140.122,138.438,142.316,139.330,141.474
GRID,proxy,proxy-P2-L4,4096,32,25,0,2,4,9,91.878,91.357,92.600,91.637,92.500
GRID,proxy,proxy-P4-L4,4096,32,25,0,4,4,9,67.030,66.549,68.112,66.910,67.671
GRID,proxy,proxy-P8-L4,4096,32,25,0,8,4,9,56.529,55.928,59.145,56.289,57.261
GRID,proxy,proxy-P1-L4,4096,64,25,0,1,4,9,238.943,233.402,240.836,234.634,239.583
GRID,proxy,proxy-P2-L4,4096,64,25,0,2,4,9,140.532,139.269,141.364,140.472,141.124
GRID,proxy,proxy-P4-L4,4096,64,25,0,4,4,9,92.299,91.146,93.031,91.707,92.850
GRID,proxy,proxy-P8-L4,4096,64,25,0,8,4,9,70.276,69.084,77.600,69.755,76.618
GRID,proxy,proxy-P1-L4,16384,2,25,0,1,4,9,48.184,47.672,50.648,47.863,48.854
GRID,proxy,proxy-P2-L4,16384,2,25,0,2,4,9,44.847,44.677,45.769,44.787,45.008
GRID,proxy,proxy-P1-L4,16384,4,25,0,1,4,9,54.305,53.954,55.136,54.045,54.416
GRID,proxy,proxy-P2-L4,16384,4,25,0,2,4,9,47.863,47.542,48.393,47.642,48.133
GRID,proxy,proxy-P4-L4,16384,4,25,0,4,4,9,45.238,44.726,48.805,45.047,45.499
GRID,proxy,proxy-P1-L4,16384,8,25,0,1,4,9,66.429,65.106,67.420,65.547,67.109
GRID,proxy,proxy-P2-L4,16384,8,25,0,2,4,9,54.325,53.754,55.077,54.114,54.746
GRID,proxy,proxy-P4-L4,16384,8,25,0,4,4,9,48.464,48.083,50.237,48.374,48.654
GRID,proxy,proxy-P8-L4,16384,8,25,0,8,4,9,46.901,46.570,48.333,46.781,47.151
GRID,proxy,proxy-P1-L4,16384,16,25,0,1,4,9,90.936,89.473,96.227,90.646,91.778
GRID,proxy,proxy-P2-L4,16384,16,25,0,2,4,9,66.699,66.008,67.410,66.178,66.809
GRID,proxy,proxy-P4-L4,16384,16,25,0,4,4,9,54.656,54.435,55.818,54.496,54.977
GRID,proxy,proxy-P8-L4,16384,16,25,0,8,4,9,50.107,49.566,50.768,49.816,50.218
GRID,proxy,proxy-P1-L4,16384,32,25,0,1,4,9,140.692,139.430,142.105,140.371,141.734
GRID,proxy,proxy-P2-L4,16384,32,25,0,2,4,9,91.017,90.255,92.238,90.936,91.737
GRID,proxy,proxy-P4-L4,16384,32,25,0,4,4,9,66.889,66.599,69.134,66.790,67.120
GRID,proxy,proxy-P8-L4,16384,32,25,0,8,4,9,56.589,55.888,57.621,56.169,56.820
GRID,proxy,proxy-P1-L4,16384,64,25,0,1,4,9,239.244,235.306,242.119,238.071,240.265
GRID,proxy,proxy-P2-L4,16384,64,25,0,2,4,9,141.484,138.468,142.667,140.281,141.504
GRID,proxy,proxy-P4-L4,16384,64,25,0,4,4,9,91.868,90.625,92.830,91.167,92.169
GRID,proxy,proxy-P8-L4,16384,64,25,0,8,4,9,74.404,69.785,78.873,73.131,76.539
GRID,proxy,proxy-P1-L4,65536,2,25,0,1,4,9,47.753,47.252,48.714,47.532,48.103
GRID,proxy,proxy-P2-L4,65536,2,25,0,2,4,9,45.038,44.686,46.580,44.797,45.418
GRID,proxy,proxy-P1-L4,65536,4,25,0,1,4,9,54.396,53.444,55.718,54.165,55.087
GRID,proxy,proxy-P2-L4,65536,4,25,0,2,4,9,47.973,47.622,49.196,47.903,48.213
GRID,proxy,proxy-P4-L4,65536,4,25,0,4,4,9,45.258,44.787,46.180,45.108,45.288
GRID,proxy,proxy-P1-L4,65536,8,25,0,1,4,9,66.178,65.276,67.150,65.628,66.860
GRID,proxy,proxy-P2-L4,65536,8,25,0,2,4,9,54.205,53.895,54.856,54.055,54.556
GRID,proxy,proxy-P4-L4,65536,8,25,0,4,4,9,48.514,48.023,49.276,48.283,48.724
GRID,proxy,proxy-P8-L4,65536,8,25,0,8,4,9,46.851,46.601,48.283,46.821,47.112
GRID,proxy,proxy-P1-L4,65536,16,25,0,1,4,9,91.567,89.994,92.710,91.036,91.868
GRID,proxy,proxy-P2-L4,65536,16,25,0,2,4,9,66.599,65.637,67.481,66.449,66.649
GRID,proxy,proxy-P4-L4,65536,16,25,0,4,4,9,64.976,64.345,66.619,64.354,65.137
GRID,proxy,proxy-P8-L4,65536,16,25,0,8,4,9,64.886,64.314,65.286,64.676,65.097
GRID,proxy,proxy-P1-L4,65536,32,25,0,1,4,9,140.823,139.129,142.025,140.082,141.343
GRID,proxy,proxy-P2-L4,65536,32,25,0,2,4,9,108.150,107.248,108.931,107.698,108.641
GRID,proxy,proxy-P4-L4,65536,32,25,0,4,4,9,107.949,107.177,110.084,107.558,108.400
GRID,proxy,proxy-P8-L4,65536,32,25,0,8,4,9,108.540,107.858,109.522,108.410,108.901
GRID,proxy,proxy-P1-L4,65536,64,25,0,1,4,9,238.142,234.815,241.127,237.309,239.194
GRID,proxy,proxy-P2-L4,65536,64,25,0,2,4,9,194.046,193.505,194.828,193.855,194.196
GRID,proxy,proxy-P4-L4,65536,64,25,0,4,4,9,194.156,193.535,194.847,193.755,194.537
GRID,proxy,proxy-P8-L4,65536,64,25,0,8,4,9,194.497,193.825,195.128,194.296,194.727
GRID,proxy,proxy-P1-L4,262144,2,25,0,1,4,9,48.123,47.532,49.736,47.752,48.524
GRID,proxy,proxy-P2-L4,262144,2,25,0,2,4,9,44.957,44.536,47.582,44.807,45.358
GRID,proxy,proxy-P1-L4,262144,4,25,0,1,4,9,64.285,64.064,67.591,64.205,64.344
GRID,proxy,proxy-P2-L4,262144,4,25,0,2,4,9,64.635,64.155,65.718,64.455,65.096
GRID,proxy,proxy-P4-L4,262144,4,25,0,4,4,9,64.725,63.984,66.159,64.575,64.856
GRID,proxy,proxy-P1-L4,262144,8,25,0,1,4,9,107.408,107.107,107.899,107.328,107.578
GRID,proxy,proxy-P2-L4,262144,8,25,0,2,4,9,107.728,107.188,108.229,107.478,107.939
GRID,proxy,proxy-P4-L4,262144,8,25,0,4,4,9,107.869,107.448,109.122,107.729,108.320
GRID,proxy,proxy-P8-L4,262144,8,25,0,8,4,9,108.340,107.438,110.054,108.070,108.951
GRID,proxy,proxy-P1-L4,262144,16,25,0,1,4,9,193.605,192.994,194.577,193.294,194.146
GRID,proxy,proxy-P2-L4,262144,16,25,0,2,4,9,194.246,193.836,195.488,194.146,194.417
GRID,proxy,proxy-P4-L4,262144,16,25,0,4,4,9,194.336,193.916,195.098,194.226,194.477
GRID,proxy,proxy-P8-L4,262144,16,25,0,8,4,9,194.276,193.615,195.248,194.106,194.547
GRID,proxy,spin-only,0,0,100,0,1,4,9,111.586,110.925,112.057,111.476,111.856
GRID,proxy,proxy-P1-L4,256,2,100,0,1,4,9,123.178,122.738,123.670,122.868,123.238
GRID,proxy,proxy-P2-L4,256,2,100,0,2,4,9,119.962,119.422,120.764,119.792,120.113
GRID,proxy,proxy-P1-L4,256,4,100,0,1,4,9,129.030,128.740,130.012,128.780,129.902
GRID,proxy,proxy-P2-L4,256,4,100,0,2,4,9,123.399,123.038,123.740,123.178,123.500
GRID,proxy,proxy-P4-L4,256,4,100,0,4,4,9,120.524,120.093,121.475,120.343,120.774
GRID,proxy,proxy-P1-L4,256,8,100,0,1,4,9,141.273,140.482,141.634,140.772,141.404
GRID,proxy,proxy-P2-L4,256,8,100,0,2,4,9,129.150,128.719,129.881,129.000,129.380
GRID,proxy,proxy-P4-L4,256,8,100,0,4,4,9,123.389,123.038,124.040,123.179,123.870
GRID,proxy,proxy-P8-L4,256,8,100,0,8,4,9,121.786,121.355,122.407,121.735,121.956
GRID,proxy,proxy-P1-L4,256,16,100,0,1,4,9,166.122,165.030,167.925,166.102,166.983
GRID,proxy,proxy-P2-L4,256,16,100,0,2,4,9,141.765,141.033,142.165,141.524,141.994
GRID,proxy,proxy-P4-L4,256,16,100,0,4,4,9,129.550,128.939,130.132,129.410,129.721
GRID,proxy,proxy-P8-L4,256,16,100,0,8,4,9,125.182,124.611,126.104,124.692,125.583
GRID,proxy,proxy-P1-L4,256,32,100,0,1,4,9,214.836,213.132,216.189,214.686,215.928
GRID,proxy,proxy-P2-L4,256,32,100,0,2,4,9,166.482,165.701,172.955,166.182,166.753
GRID,proxy,proxy-P4-L4,256,32,100,0,4,4,9,142.286,141.874,144.219,142.245,142.566
GRID,proxy,proxy-P8-L4,256,32,100,0,8,4,9,131.304,130.573,132.106,131.164,131.675
GRID,proxy,proxy-P1-L4,256,64,100,0,1,4,9,314.038,307.395,315.441,311.062,315.160
GRID,proxy,proxy-P2-L4,256,64,100,0,2,4,9,215.407,214.405,216.189,214.636,215.788
GRID,proxy,proxy-P4-L4,256,64,100,0,4,4,9,167.254,166.072,170.530,166.873,167.354
GRID,proxy,proxy-P8-L4,256,64,100,0,8,4,9,144.460,143.748,145.653,144.220,144.590
GRID,proxy,proxy-P1-L4,1024,2,100,0,1,4,9,123.459,122.688,123.940,122.858,123.489
GRID,proxy,proxy-P2-L4,1024,2,100,0,2,4,9,120.163,119.872,120.523,120.113,120.363
GRID,proxy,proxy-P1-L4,1024,4,100,0,1,4,9,129.220,128.378,131.796,128.900,129.902
GRID,proxy,proxy-P2-L4,1024,4,100,0,2,4,9,123.168,122.818,123.780,122.928,123.530
GRID,proxy,proxy-P4-L4,1024,4,100,0,4,4,9,120.534,119.682,120.965,120.373,120.854
GRID,proxy,proxy-P1-L4,1024,8,100,0,1,4,9,141.223,140.372,142.005,140.793,141.675
GRID,proxy,proxy-P2-L4,1024,8,100,0,2,4,9,129.271,129.019,129.671,129.150,129.451
GRID,proxy,proxy-P4-L4,1024,8,100,0,4,4,9,123.790,123.409,124.672,123.570,124.341
GRID,proxy,proxy-P8-L4,1024,8,100,0,8,4,9,121.916,121.595,122.527,121.725,122.086
GRID,proxy,proxy-P1-L4,1024,16,100,0,1,4,9,165.871,164.969,166.854,165.541,166.172
GRID,proxy,proxy-P2-L4,1024,16,100,0,2,4,9,141.634,140.973,142.586,141.274,142.025
GRID,proxy,proxy-P4-L4,1024,16,100,0,4,4,9,130.172,129.501,130.332,129.741,130.292
GRID,proxy,proxy-P8-L4,1024,16,100,0,8,4,9,125.173,124.711,125.573,124.792,125.242
GRID,proxy,proxy-P1-L4,1024,32,100,0,1,4,9,214.927,213.554,216.549,214.445,216.289
GRID,proxy,proxy-P2-L4,1024,32,100,0,2,4,9,166.392,164.880,167.144,166.012,166.763
GRID,proxy,proxy-P4-L4,1024,32,100,0,4,4,9,142.085,141.594,142.747,142.025,142.346
GRID,proxy,proxy-P8-L4,1024,32,100,0,8,4,9,131.385,131.013,132.086,131.235,131.735
GRID,proxy,proxy-P1-L4,1024,64,100,0,1,4,9,310.201,309.038,313.778,309.810,312.525
GRID,proxy,proxy-P2-L4,1024,64,100,0,2,4,9,216.298,214.315,217.230,215.738,216.629
GRID,proxy,proxy-P4-L4,1024,64,100,0,4,4,9,166.903,166.272,167.605,166.783,167.153
GRID,proxy,proxy-P8-L4,1024,64,100,0,8,4,9,144.410,143.618,145.332,143.998,144.910
GRID,proxy,proxy-P1-L4,4096,2,100,0,1,4,9,122.888,122.567,123.699,122.727,123.218
GRID,proxy,proxy-P2-L4,4096,2,100,0,2,4,9,119.992,119.662,120.653,119.802,120.122
GRID,proxy,proxy-P1-L4,4096,4,100,0,1,4,9,129.250,128.790,129.722,128.890,129.570
GRID,proxy,proxy-P2-L4,4096,4,100,0,2,4,9,123.149,122.928,123.600,123.059,123.339
GRID,proxy,proxy-P4-L4,4096,4,100,0,4,4,9,120.323,119.752,120.683,120.243,120.403
GRID,proxy,proxy-P1-L4,4096,8,100,0,1,4,9,141.264,140.643,142.556,141.034,141.965
GRID,proxy,proxy-P2-L4,4096,8,100,0,2,4,9,129.160,128.799,129.882,128.900,129.270
GRID,proxy,proxy-P4-L4,4096,8,100,0,4,4,9,123.579,123.369,124.120,123.499,124.050
GRID,proxy,proxy-P8-L4,4096,8,100,0,8,4,9,121.916,121.526,122.628,121.686,122.046
GRID,proxy,proxy-P1-L4,4096,16,100,0,1,4,9,166.011,165.080,166.884,165.620,166.392
GRID,proxy,proxy-P2-L4,4096,16,100,0,2,4,9,141.845,141.404,142.736,141.584,141.985
GRID,proxy,proxy-P4-L4,4096,16,100,0,4,4,9,129.812,129.280,131.545,129.681,130.422
GRID,proxy,proxy-P8-L4,4096,16,100,0,8,4,9,125.333,125.023,126.144,125.173,125.422
GRID,proxy,proxy-P1-L4,4096,32,100,0,1,4,9,215.087,213.143,216.760,214.315,215.988
GRID,proxy,proxy-P2-L4,4096,32,100,0,2,4,9,166.532,165.340,167.514,166.011,167.033
GRID,proxy,proxy-P4-L4,4096,32,100,0,4,4,9,142.086,141.674,142.746,141.764,142.326
GRID,proxy,proxy-P8-L4,4096,32,100,0,8,4,9,131.574,130.674,133.358,131.475,131.745
GRID,proxy,proxy-P1-L4,4096,64,100,0,1,4,9,313.648,311.423,317.635,312.846,316.213
GRID,proxy,proxy-P2-L4,4096,64,100,0,2,4,9,215.237,214.275,216.389,214.936,216.048
GRID,proxy,proxy-P4-L4,4096,64,100,0,4,4,9,166.492,165.801,168.096,166.242,167.204
GRID,proxy,proxy-P8-L4,4096,64,100,0,8,4,9,143.939,143.518,147.506,143.839,144.580
GRID,proxy,proxy-P1-L4,16384,2,100,0,1,4,9,123.129,122.667,123.810,122.908,123.519
GRID,proxy,proxy-P2-L4,16384,2,100,0,2,4,9,120.183,119.782,120.594,119.922,120.323
GRID,proxy,proxy-P1-L4,16384,4,100,0,1,4,9,129.090,128.759,130.283,128.899,129.401
GRID,proxy,proxy-P2-L4,16384,4,100,0,2,4,9,123.579,122.698,123.980,123.179,123.790
GRID,proxy,proxy-P4-L4,16384,4,100,0,4,4,9,120.764,120.163,121.486,120.584,121.185
GRID,proxy,proxy-P1-L4,16384,8,100,0,1,4,9,142.126,140.472,142.536,141.334,142.225
GRID,proxy,proxy-P2-L4,16384,8,100,0,2,4,9,129.822,128.759,130.473,129.241,130.032
GRID,proxy,proxy-P4-L4,16384,8,100,0,4,4,9,123.670,123.009,125.322,123.409,123.930
GRID,proxy,proxy-P8-L4,16384,8,100,0,8,4,9,121.876,121.476,123.028,121.666,122.316
GRID,proxy,proxy-P1-L4,16384,16,100,0,1,4,9,165.741,164.379,169.669,165.190,166.733
GRID,proxy,proxy-P2-L4,16384,16,100,0,2,4,9,141.755,141.093,142.496,141.705,141.895
GRID,proxy,proxy-P4-L4,16384,16,100,0,4,4,9,129.791,129.150,130.683,129.671,130.292
GRID,proxy,proxy-P8-L4,16384,16,100,0,8,4,9,125.202,124.391,130.684,124.872,125.283
GRID,proxy,proxy-P1-L4,16384,32,100,0,1,4,9,215.858,213.393,216.970,215.487,216.399
GRID,proxy,proxy-P2-L4,16384,32,100,0,2,4,9,166.282,164.839,166.823,165.882,166.653
GRID,proxy,proxy-P4-L4,16384,32,100,0,4,4,9,141.965,141.454,143.007,141.855,142.365
GRID,proxy,proxy-P8-L4,16384,32,100,0,8,4,9,131.294,130.894,133.970,131.184,131.926
GRID,proxy,proxy-P1-L4,16384,64,100,0,1,4,9,312.725,310.832,316.894,311.253,315.662
GRID,proxy,proxy-P2-L4,16384,64,100,0,2,4,9,216.369,214.225,217.722,216.028,217.101
GRID,proxy,proxy-P4-L4,16384,64,100,0,4,4,9,166.783,166.492,167.885,166.693,167.565
GRID,proxy,proxy-P8-L4,16384,64,100,0,8,4,9,144.390,143.839,145.241,144.220,144.761
GRID,proxy,proxy-P1-L4,65536,2,100,0,1,4,9,123.409,122.999,124.682,123.269,123.489
GRID,proxy,proxy-P2-L4,65536,2,100,0,2,4,9,120.233,119.902,120.914,120.113,120.303
GRID,proxy,proxy-P1-L4,65536,4,100,0,1,4,9,129.270,128.479,130.082,129.040,129.711
GRID,proxy,proxy-P2-L4,65536,4,100,0,2,4,9,123.449,122.728,124.301,122.878,123.590
GRID,proxy,proxy-P4-L4,65536,4,100,0,4,4,9,120.664,119.912,121.355,120.473,120.964
GRID,proxy,proxy-P1-L4,65536,8,100,0,1,4,9,141.373,140.552,143.087,141.184,141.704
GRID,proxy,proxy-P2-L4,65536,8,100,0,2,4,9,129.380,128.790,132.327,129.070,129.801
GRID,proxy,proxy-P4-L4,65536,8,100,0,4,4,9,123.630,123.369,124.010,123.539,123.810
GRID,proxy,proxy-P8-L4,65536,8,100,0,8,4,9,121.916,121.595,127.697,121.756,122.107
GRID,proxy,proxy-P1-L4,65536,16,100,0,1,4,9,165.621,164.078,166.873,164.779,165.891
GRID,proxy,proxy-P2-L4,65536,16,100,0,2,4,9,141.675,141.414,142.435,141.484,141.895
GRID,proxy,proxy-P4-L4,65536,16,100,0,4,4,9,129.812,129.171,130.192,129.450,129.902
GRID,proxy,proxy-P8-L4,65536,16,100,0,8,4,9,125.142,124.561,126.204,124.922,125.353
GRID,proxy,proxy-P1-L4,65536,32,100,0,1,4,9,214.335,212.912,215.377,213.834,215.157
GRID,proxy,proxy-P2-L4,65536,32,100,0,2,4,9,166.512,164.629,167.174,166.122,166.963
GRID,proxy,proxy-P4-L4,65536,32,100,0,4,4,9,142.146,141.905,142.436,142.005,142.195
GRID,proxy,proxy-P8-L4,65536,32,100,0,8,4,9,131.405,130.814,132.377,131.214,131.555
GRID,proxy,proxy-P1-L4,65536,64,100,0,1,4,9,315.090,312.735,315.972,313.377,315.812
GRID,proxy,proxy-P2-L4,65536,64,100,0,2,4,9,214.736,213.223,220.707,214.575,216.069
GRID,proxy,proxy-P4-L4,65536,64,100,0,4,4,9,194.206,193.735,194.627,193.996,194.517
GRID,proxy,proxy-P8-L4,65536,64,100,0,8,4,9,194.527,194.036,195.208,194.206,194.637
GRID,proxy,proxy-P1-L4,262144,2,100,0,1,4,9,123.229,122.577,124.090,122.788,123.298
GRID,proxy,proxy-P2-L4,262144,2,100,0,2,4,9,120.393,119.712,125.663,120.273,120.915
GRID,proxy,proxy-P1-L4,262144,4,100,0,1,4,9,129.321,128.770,130.322,128.859,129.370
GRID,proxy,proxy-P2-L4,262144,4,100,0,2,4,9,123.139,122.528,124.271,123.018,123.549
GRID,proxy,proxy-P4-L4,262144,4,100,0,4,4,9,120.494,120.132,121.315,120.333,120.694
GRID,proxy,proxy-P1-L4,262144,8,100,0,1,4,9,141.674,140.562,142.165,141.194,141.975
GRID,proxy,proxy-P2-L4,262144,8,100,0,2,4,9,129.140,129.060,130.132,129.090,129.441
GRID,proxy,proxy-P4-L4,262144,8,100,0,4,4,9,123.068,122.668,124.050,122.878,123.489
GRID,proxy,proxy-P8-L4,262144,8,100,0,8,4,9,122.136,121.355,122.517,121.896,122.417
GRID,proxy,proxy-P1-L4,262144,16,100,0,1,4,9,193.785,193.094,195.739,193.495,194.417
GRID,proxy,proxy-P2-L4,262144,16,100,0,2,4,9,194.236,193.625,194.597,193.786,194.286
GRID,proxy,proxy-P4-L4,262144,16,100,0,4,4,9,194.597,193.795,195.709,194.026,194.858
GRID,proxy,proxy-P8-L4,262144,16,100,0,8,4,9,194.557,193.946,195.228,194.367,194.898
GRID,proxy,spin-only,0,0,400,0,1,4,9,411.798,411.247,412.119,411.427,412.028
GRID,proxy,proxy-P1-L4,256,2,400,0,1,4,9,423.420,423.150,424.142,423.270,423.620
GRID,proxy,proxy-P2-L4,256,2,400,0,2,4,9,420.244,419.652,420.795,419.883,420.674
GRID,proxy,proxy-P1-L4,256,4,400,0,1,4,9,429.331,428.600,429.762,429.050,429.562
GRID,proxy,proxy-P2-L4,256,4,400,0,2,4,9,423.631,422.949,424.141,423.079,423.851
GRID,proxy,proxy-P4-L4,256,4,400,0,4,4,9,420.655,419.964,421.105,420.414,420.965
GRID,proxy,proxy-P1-L4,256,8,400,0,1,4,9,442.056,441.034,446.595,441.415,442.416
GRID,proxy,proxy-P2-L4,256,8,400,0,2,4,9,429.201,428.710,430.023,429.141,429.551
GRID,proxy,proxy-P4-L4,256,8,400,0,4,4,9,423.791,423.270,424.502,423.460,424.132
GRID,proxy,proxy-P8-L4,256,8,400,0,8,4,9,421.827,421.587,422.709,421.797,422.468
GRID,proxy,proxy-P1-L4,256,16,400,0,1,4,9,465.712,464.851,467.495,465.261,466.143
GRID,proxy,proxy-P2-L4,256,16,400,0,2,4,9,441.666,440.614,442.828,441.254,442.327
GRID,proxy,proxy-P4-L4,256,16,400,0,4,4,9,429.953,429.312,430.273,429.723,429.973
GRID,proxy,proxy-P8-L4,256,16,400,0,8,4,9,425.224,424.633,426.235,425.103,425.524
GRID,proxy,proxy-P1-L4,256,32,400,0,1,4,9,515.187,513.084,517.292,514.296,515.879
GRID,proxy,proxy-P2-L4,256,32,400,0,2,4,9,466.644,466.082,467.706,466.323,466.984
GRID,proxy,proxy-P4-L4,256,32,400,0,4,4,9,442.366,441.585,443.288,442.086,442.617
GRID,proxy,proxy-P8-L4,256,32,400,0,8,4,9,431.706,431.406,432.157,431.466,432.017
GRID,proxy,proxy-P1-L4,256,64,400,0,1,4,9,614.059,610.643,617.867,613.558,615.362
GRID,proxy,proxy-P2-L4,256,64,400,0,2,4,9,515.929,515.187,516.691,515.458,516.520
GRID,proxy,proxy-P4-L4,256,64,400,0,4,4,9,467.255,466.323,468.497,466.674,467.585
GRID,proxy,proxy-P8-L4,256,64,400,0,8,4,9,444.571,443.599,445.342,444.290,444.722
GRID,proxy,proxy-P1-L4,1024,2,400,0,1,4,9,423.149,422.669,424.302,422.799,423.670
GRID,proxy,proxy-P2-L4,1024,2,400,0,2,4,9,420.414,419.923,420.946,420.094,420.564
GRID,proxy,proxy-P1-L4,1024,4,400,0,1,4,9,429.522,428.730,430.644,429.071,429.832
GRID,proxy,proxy-P2-L4,1024,4,400,0,2,4,9,423.390,423.150,423.911,423.280,423.801
GRID,proxy,proxy-P4-L4,1024,4,400,0,4,4,9,420.274,419.893,421.887,420.103,420.504
GRID,proxy,proxy-P1-L4,1024,8,400,0,1,4,9,441.625,440.333,442.236,440.804,441.976
GRID,proxy,proxy-P2-L4,1024,8,400,0,2,4,9,429.502,429.221,430.173,429.341,429.803
GRID,proxy,proxy-P4-L4,1024,8,400,0,4,4,9,423.621,423.089,424.011,423.400,423.770
GRID,proxy,proxy-P8-L4,1024,8,400,0,8,4,9,421.867,421.607,422.538,421.717,422.058
GRID,proxy,proxy-P1-L4,1024,16,400,0,1,4,9,466.083,464.380,467.536,465.852,466.724
GRID,proxy,proxy-P2-L4,1024,16,400,0,2,4,9,442.137,441.395,444.070,441.586,442.327
GRID,proxy,proxy-P4-L4,1024,16,400,0,4,4,9,429.632,429.492,430.725,429.532,430.283
GRID,proxy,proxy-P8-L4,1024,16,400,0,8,4,9,425.243,424.983,425.905,425.143,425.815
GRID,proxy,proxy-P1-L4,1024,32,400,0,1,4,9,515.288,513.204,516.470,515.178,515.438
GRID,proxy,proxy-P2-L4,1024,32,400,0,2,4,9,466.243,464.900,467.426,466.143,466.593
GRID,proxy,proxy-P4-L4,1024,32,400,0,4,4,9,442.196,441.565,442.698,441.866,442.577
GRID,proxy,proxy-P8-L4,1024,32,400,0,8,4,9,431.276,431.085,431.926,431.225,431.666
GRID,proxy,proxy-P1-L4,1024,64,400,0,1,4,9,612.126,610.382,616.393,611.925,613.848
GRID,proxy,proxy-P2-L4,1024,64,400,0,2,4,9,516.570,515.298,517.312,516.140,517.142
GRID,proxy,proxy-P4-L4,1024,64,400,0,4,4,9,467.225,466.333,468.146,466.624,467.465
GRID,proxy,proxy-P8-L4,1024,64,400,0,8,4,9,444.331,443.148,447.346,444.080,444.731
GRID,proxy,proxy-P1-L4,4096,2,400,0,1,4,9,423.400,422.999,424.362,423.090,423.871
GRID,proxy,proxy-P2-L4,4096,2,400,0,2,4,9,420.365,420.194,421.066,420.294,420.935
GRID,proxy,proxy-P1-L4,4096,4,400,0,1,4,9,429.532,428.359,432.177,429.262,429.792
GRID,proxy,proxy-P2-L4,4096,4,400,0,2,4,9,423.880,422.879,424.702,423.430,424.061
GRID,proxy,proxy-P4-L4,4096,4,400,0,4,4,9,420.544,420.043,421.917,420.434,420.895
GRID,proxy,proxy-P1-L4,4096,8,400,0,1,4,9,441.705,440.974,442.396,441.245,442.106
GRID,proxy,proxy-P2-L4,4096,8,400,0,2,4,9,429.452,429.201,431.035,429.302,429.532
GRID,proxy,proxy-P4-L4,4096,8,400,0,4,4,9,423.801,423.099,424.402,423.691,424.161
GRID,proxy,proxy-P8-L4,4096,8,400,0,8,4,9,421.857,421.396,422.418,421.817,422.007
GRID,proxy,proxy-P1-L4,4096,16,400,0,1,4,9,466.574,465.261,470.672,465.792,467.175
GRID,proxy,proxy-P2-L4,4096,16,400,0,2,4,9,442.337,441.275,445.733,441.365,442.828
GRID,proxy,proxy-P4-L4,4096,16,400,0,4,4,9,429.933,429.211,430.394,429.732,430.133
GRID,proxy,proxy-P8-L4,4096,16,400,0,8,4,9,424.953,424.452,425.575,424.673,425.214
GRID,proxy,proxy-P1-L4,4096,32,400,0,1,4,9,514.596,512.242,517.132,513.585,515.518
GRID,proxy,proxy-P2-L4,4096,32,400,0,2,4,9,466.564,465.051,467.195,465.612,466.584
GRID,proxy,proxy-P4-L4,4096,32,400,0,4,4,9,442.046,441.365,443.199,441.675,442.497
GRID,proxy,proxy-P8-L4,4096,32,400,0,8,4,9,431.546,430.994,431.967,431.406,431.826
GRID,proxy,proxy-P1-L4,4096,64,400,0,1,4,9,613.448,609.149,614.480,611.424,613.869
GRID,proxy,proxy-P2-L4,4096,64,400,0,2,4,9,515.538,513.835,517.291,515.188,516.040
GRID,proxy,proxy-P4-L4,4096,64,400,0,4,4,9,466.784,465.852,469.329,466.473,467.044
GRID,proxy,proxy-P8-L4,4096,64,400,0,8,4,9,444.581,443.248,448.369,444.290,445.062
GRID,proxy,proxy-P1-L4,16384,2,400,0,1,4,9,423.090,422.599,423.971,422.769,423.230
GRID,proxy,proxy-P2-L4,16384,2,400,0,2,4,9,420.314,419.843,421.015,420.034,420.514
GRID,proxy,proxy-P1-L4,16384,4,400,0,1,4,9,429.692,428.951,429.952,429.201,429.733
GRID,proxy,proxy-P2-L4,16384,4,400,0,2,4,9,423.470,422.980,424.001,423.220,423.811
GRID,proxy,proxy-P4-L4,16384,4,400,0,4,4,9,420.504,420.093,421.677,420.264,420.665
GRID,proxy,proxy-P1-L4,16384,8,400,0,1,4,9,441.686,440.974,442.988,441.305,442.016
GRID,proxy,proxy-P2-L4,16384,8,400,0,2,4,9,429.532,429.001,430.263,429.411,429.752
GRID,proxy,proxy-P4-L4,16384,8,400,0,4,4,9,423.601,423.049,423.992,423.259,423.831
GRID,proxy,proxy-P8-L4,16384,8,400,0,8,4,9,422.047,421.686,422.398,421.777,422.268
GRID,proxy,proxy-P1-L4,16384,16,400,0,1,4,9,466.263,464.450,467.174,465.061,466.584
GRID,proxy,proxy-P2-L4,16384,16,400,0,2,4,9,441.725,440.463,442.437,441.295,441.746
GRID,proxy,proxy-P4-L4,16384,16,400,0,4,4,9,429.952,429.241,430.684,429.772,430.063
GRID,proxy,proxy-P8-L4,16384,16,400,0,8,4,9,425.073,424.642,425.514,424.953,425.243
GRID,proxy,proxy-P1-L4,16384,32,400,0,1,4,9,515.749,513.425,517.633,514.426,516.721
GRID,proxy,proxy-P2-L4,16384,32,400,0,2,4,9,466.222,465.722,467.555,466.063,466.363
GRID,proxy,proxy-P4-L4,16384,32,400,0,4,4,9,441.736,441.505,444.020,441.636,442.086
GRID,proxy,proxy-P8-L4,16384,32,400,0,8,4,9,431.416,430.864,432.358,431.165,431.586
GRID,proxy,proxy-P1-L4,16384,64,400,0,1,4,9,611.734,610.262,615.793,610.873,615.442
GRID,proxy,proxy-P2-L4,16384,64,400,0,2,4,9,516.099,513.986,517.031,515.528,516.660
GRID,proxy,proxy-P4-L4,16384,64,400,0,4,4,9,466.563,465.852,467.655,466.494,466.854
GRID,proxy,proxy-P8-L4,16384,64,400,0,8,4,9,444.351,444.220,444.831,444.301,444.712
GRID,proxy,proxy-P1-L4,65536,2,400,0,1,4,9,423.199,422.478,423.701,422.969,423.400
GRID,proxy,proxy-P2-L4,65536,2,400,0,2,4,9,419.924,419.703,421.075,419.853,420.164
GRID,proxy,proxy-P1-L4,65536,4,400,0,1,4,9,428.861,428.239,429.662,428.610,429.041
GRID,proxy,proxy-P2-L4,65536,4,400,0,2,4,9,423.240,422.539,423.450,422.818,423.300
GRID,proxy,proxy-P4-L4,65536,4,400,0,4,4,9,420.304,419.873,421.646,420.133,420.594
GRID,proxy,proxy-P1-L4,65536,8,400,0,1,4,9,441.485,440.533,442.126,441.035,441.725
GRID,proxy,proxy-P2-L4,65536,8,400,0,2,4,9,429.351,428.710,429.812,429.011,429.622
GRID,proxy,proxy-P4-L4,65536,8,400,0,4,4,9,423.720,423.290,424.352,423.541,423.952
GRID,proxy,proxy-P8-L4,65536,8,400,0,8,4,9,422.057,421.436,422.268,421.987,422.078
GRID,proxy,proxy-P1-L4,65536,16,400,0,1,4,9,465.993,464.880,467.065,465.582,466.533
GRID,proxy,proxy-P2-L4,65536,16,400,0,2,4,9,441.886,441.424,442.357,441.656,442.216
GRID,proxy,proxy-P4-L4,65536,16,400,0,4,4,9,429.592,429.282,431.636,429.321,430.193
GRID,proxy,proxy-P8-L4,65536,16,400,0,8,4,9,424.993,424.603,425.504,424.862,425.044
GRID,proxy,proxy-P1-L4,65536,32,400,0,1,4,9,514.997,513.164,517.132,513.896,515.718
GRID,proxy,proxy-P2-L4,65536,32,400,0,2,4,9,466.363,465.091,469.991,465.942,466.895
GRID,proxy,proxy-P4-L4,65536,32,400,0,4,4,9,442.277,441.184,444.010,441.786,442.527
GRID,proxy,proxy-P8-L4,65536,32,400,0,8,4,9,431.285,430.705,431.766,431.085,431.365
GRID,proxy,proxy-P1-L4,65536,64,400,0,1,4,9,614.740,610.923,616.584,613.087,615.152
GRID,proxy,proxy-P2-L4,65536,64,400,0,2,4,9,515.358,513.585,516.991,514.597,515.748
GRID,proxy,proxy-P4-L4,65536,64,400,0,4,4,9,466.844,465.752,467.455,466.513,467.295
GRID,proxy,proxy-P8-L4,65536,64,400,0,8,4,9,444.210,443.659,445.363,444.070,444.511
GRID,proxy,proxy-P1-L4,262144,2,400,0,1,4,9,423.100,422.107,424.241,422.919,423.120
GRID,proxy,proxy-P2-L4,262144,2,400,0,2,4,9,420.344,419.673,420.895,420.104,420.564
GRID,proxy,proxy-P1-L4,262144,4,400,0,1,4,9,429.152,428.810,429.732,428.960,429.402
GRID,proxy,proxy-P2-L4,262144,4,400,0,2,4,9,423.149,422.549,423.590,422.980,423.280
GRID,proxy,proxy-P4-L4,262144,4,400,0,4,4,9,420.394,419.753,420.905,420.254,420.685
GRID,proxy,proxy-P1-L4,262144,8,400,0,1,4,9,441.335,440.493,442.386,440.964,441.565
GRID,proxy,proxy-P2-L4,262144,8,400,0,2,4,9,429.321,428.981,429.772,429.191,429.412
GRID,proxy,proxy-P4-L4,262144,8,400,0,4,4,9,423.720,422.889,424.382,423.400,424.021
GRID,proxy,proxy-P8-L4,262144,8,400,0,8,4,9,421.797,420.905,422.488,421.776,421.987
GRID,proxy,proxy-P1-L4,262144,16,400,0,1,4,9,464.860,463.929,466.553,464.630,465.612
GRID,proxy,proxy-P2-L4,262144,16,400,0,2,4,9,441.355,440.954,442.177,441.244,441.605
GRID,proxy,proxy-P4-L4,262144,16,400,0,4,4,9,429.652,429.251,432.398,429.592,429.732
GRID,proxy,proxy-P8-L4,262144,16,400,0,8,4,9,424.913,424.312,425.775,424.762,425.123
GRID,path,config,bytes,K,D,B,P,L,samples,median_us,min_us,max_us,p25_us,p75_us
GRID,proxy,spin-only,0,0,0,0,1,8,9,13.627,13.256,13.977,13.466,13.917
GRID,proxy,proxy-P1-L8,256,2,0,0,1,8,9,26.181,24.578,27.312,25.610,26.953
GRID,proxy,proxy-P2-L8,256,2,0,0,2,8,9,22.724,21.431,25.098,22.434,23.085
GRID,proxy,proxy-P1-L8,256,4,0,0,1,8,9,32.293,29.877,33.314,30.419,32.643
GRID,proxy,proxy-P2-L8,256,4,0,0,2,8,9,26.371,25.490,29.557,26.120,27.143
GRID,proxy,proxy-P4-L8,256,4,0,0,4,8,9,24.799,22.603,30.249,23.435,28.876
GRID,proxy,proxy-P1-L8,256,8,0,0,1,8,9,42.693,42.041,44.406,42.342,43.334
GRID,proxy,proxy-P2-L8,256,8,0,0,2,8,9,30.599,30.398,32.012,30.589,31.461
GRID,proxy,proxy-P4-L8,256,8,0,0,4,8,9,28.244,26.551,34.266,26.772,29.627
GRID,proxy,proxy-P8-L8,256,8,0,0,8,8,9,29.537,24.878,33.665,28.655,33.145
GRID,proxy,proxy-P1-L8,256,16,0,0,1,8,9,67.962,66.188,70.577,67.702,69.064
GRID,proxy,proxy-P2-L8,256,16,0,0,2,8,9,43.244,42.322,45.087,42.672,43.324
GRID,proxy,proxy-P4-L8,256,16,0,0,4,8,9,38.995,33.084,43.274,36.711,39.477
GRID,proxy,proxy-P8-L8,256,16,0,0,8,8,9,40.008,34.988,44.356,38.875,41.951
GRID,proxy,proxy-P1-L8,256,32,0,0,1,8,9,118.309,115.503,120.303,117.487,119.161
GRID,proxy,proxy-P2-L8,256,32,0,0,2,8,9,68.122,67.370,70.517,67.560,68.472
GRID,proxy,proxy-P4-L8,256,32,0,0,4,8,9,52.441,48.594,56.699,51.540,54.315
GRID,proxy,proxy-P8-L8,256,32,0,0,8,8,9,61.258,53.263,64.374,56.860,61.830
GRID,proxy,proxy-P1-L8,256,64,0,0,1,8,9,219.976,213.394,224.274,214.094,222.040
GRID,proxy,proxy-P2-L8,256,64,0,0,2,8,9,117.818,115.083,123.890,117.257,118.349
GRID,proxy,proxy-P4-L8,256,64,0,0,4,8,9,81.358,75.015,83.843,79.875,82.630
GRID,proxy,proxy-P8-L8,256,64,0,0,8,8,9,93.111,83.962,100.765,85.946,96.828
GRID,proxy,proxy-P1-L8,1024,2,0,0,1,8,9,24.477,23.736,25.600,24.037,25.420
GRID,proxy,proxy-P2-L8,1024,2,0,0,2,8,9,21.843,20.841,28.345,21.040,22.373
GRID,proxy,proxy-P1-L8,1024,4,0,0,1,8,9,30.709,30.038,31.421,30.449,30.980
GRID,proxy,proxy-P2-L8,1024,4,0,0,2,8,9,24.918,24.087,30.058,24.768,25.380
GRID,proxy,proxy-P4-L8,1024,4,0,0,4,8,9,28.154,23.535,29.347,27.523,28.595
GRID,proxy,proxy-P1-L8,1024,8,0,0,1,8,9,43.434,42.482,44.968,43.414,44.226
GRID,proxy,proxy-P2-L8,1024,8,0,0,2,8,9,31.521,30.439,32.593,31.091,31.581
GRID,proxy,proxy-P4-L8,1024,8,0,0,4,8,9,29.046,27.072,32.803,27.834,30.288
GRID,proxy,proxy-P8-L8,1024,8,0,0,8,8,9,32.573,26.020,38.225,31.872,35.739
GRID,proxy,proxy-P1-L8,1024,16,0,0,1,8,9,67.941,66.879,69.023,67.340,68.903
GRID,proxy,proxy-P2-L8,1024,16,0,0,2,8,9,43.735,42.502,45.327,42.923,44.526
GRID,proxy,proxy-P4-L8,1024,16,0,0,4,8,9,37.011,31.882,39.316,34.537,37.974
GRID,proxy,proxy-P8-L8,1024,16,0,0,8,8,9,38.685,35.739,44.667,36.210,40.448
GRID,proxy,proxy-P1-L8,1024,32,0,0,1,8,9,119.471,114.592,120.954,117.718,120.243
GRID,proxy,proxy-P2-L8,1024,32,0,0,2,8,9,68.002,67.420,68.532,67.821,68.342
GRID,proxy,proxy-P4-L8,1024,32,0,0,4,8,9,52.060,49.165,56.841,49.626,52.381
GRID,proxy,proxy-P8-L8,1024,32,0,0,8,8,9,57.351,49.637,65.217,53.253,58.233
GRID,proxy,proxy-P1-L8,1024,64,0,0,1,8,9,218.574,213.794,221.590,217.792,220.086
GRID,proxy,proxy-P2-L8,1024,64,0,0,2,8,9,119.061,115.744,119.641,115.955,119.381
GRID,proxy,proxy-P4-L8,1024,64,0,0,4,8,9,83.682,77.430,88.983,80.657,86.878
GRID,proxy,proxy-P8-L8,1024,64,0,0,8,8,9,89.974,86.418,105.504,88.121,95.785
GRID,proxy,proxy-P1-L8,4096,2,0,0,1,8,9,24.587,24.007,26.702,24.518,25.269
GRID,proxy,proxy-P2-L8,4096,2,0,0,2,8,9,21.972,21.362,23.055,21.582,22.253
GRID,proxy,proxy-P1-L8,4096,4,0,0,1,8,9,30.880,30.379,32.082,30.659,31.141
GRID,proxy,proxy-P2-L8,4096,4,0,0,2,8,9,25.258,24.317,26.341,24.868,25.860
GRID,proxy,proxy-P4-L8,4096,4,0,0,4,8,9,23.375,23.155,25.920,23.225,23.977
GRID,proxy,proxy-P1-L8,4096,8,0,0,1,8,9,43.694,41.911,45.178,43.524,44.275
GRID,proxy,proxy-P2-L8,4096,8,0,0,2,8,9,31.380,30.389,32.613,31.141,31.451
GRID,proxy,proxy-P4-L8,4096,8,0,0,4,8,9,27.573,26.051,27.944,26.902,27.693
GRID,proxy,proxy-P8-L8,4096,8,0,0,8,8,9,28.054,24.818,33.334,27.633,30.058
GRID,proxy,proxy-P1-L8,4096,16,0,0,1,8,9,68.683,66.669,70.346,67.992,68.853
GRID,proxy,proxy-P2-L8,4096,16,0,0,2,8,9,43.845,43.024,44.756,43.464,44.095
GRID,proxy,proxy-P4-L8,4096,16,0,0,4,8,9,36.711,33.545,40.048,36.200,38.675
GRID,proxy,proxy-P8-L8,4096,16,0,0,8,8,9,39.336,36.811,44.386,36.971,39.486
GRID,proxy,proxy-P1-L8,4096,32,0,0,1,8,9,118.369,115.103,121.255,117.949,118.430
GRID,proxy,proxy-P2-L8,4096,32,0,0,2,8,9,68.413,67.501,69.434,68.022,68.904
GRID,proxy,proxy-P4-L8,4096,32,0,0,4,8,9,53.493,49.856,57.171,52.823,54.606
GRID,proxy,proxy-P8-L8,4096,32,0,0,8,8,9,60.176,52.011,65.627,56.009,61.709
GRID,proxy,proxy-P1-L8,4096,64,0,0,1,8,9,221.319,213.704,223.673,217.522,222.781
GRID,proxy,proxy-P2-L8,4096,64,0,0,2,8,9,117.277,114.882,119.071,115.965,118.149
GRID,proxy,proxy-P4-L8,4096,64,0,0,4,8,9,82.179,75.867,85.656,79.734,83.692
GRID,proxy,proxy-P8-L8,4096,64,0,0,8,8,9,87.179,81.808,100.154,84.574,94.713
GRID,proxy,proxy-P1-L8,16384,2,0,0,1,8,9,25.880,25.078,26.652,25.820,26.101
GRID,proxy,proxy-P2-L8,16384,2,0,0,2,8,9,23.125,22.624,24.026,23.004,23.426
GRID,proxy,proxy-P1-L8,16384,4,0,0,1,8,9,32.342,30.850,32.533,31.511,32.423
GRID,proxy,proxy-P2-L8,16384,4,0,0,2,8,9,26.421,25.860,27.292,26.201,26.582
GRID,proxy,proxy-P4-L8,16384,4,0,0,4,8,9,24.428,24.046,25.420,24.267,24.618
GRID,proxy,proxy-P1-L8,16384,8,0,0,1,8,9,44.606,43.173,45.819,44.316,44.957
GRID,proxy,proxy-P2-L8,16384,8,0,0,2,8,9,32.653,31.822,34.066,32.262,33.334
GRID,proxy,proxy-P4-L8,16384,8,0,0,4,8,9,27.934,26.801,28.856,27.493,28.064
GRID,proxy,proxy-P8-L8,16384,8,0,0,8,8,9,27.904,26.932,31.151,27.754,29.057
GRID,proxy,proxy-P1-L8,16384,16,0,0,1,8,9,69.385,67.931,71.107,68.783,69.855
GRID,proxy,proxy-P2-L8,16384,16,0,0,2,8,9,45.057,43.965,49.616,44.837,45.168
GRID,proxy,proxy-P4-L8,16384,16,0,0,4,8,9,37.152,35.398,39.496,35.810,38.655
GRID,proxy,proxy-P8-L8,16384,16,0,0,8,8,9,33.735,31.982,41.650,32.343,39.286
GRID,proxy,proxy-P1-L8,16384,32,0,0,1,8,9,120.333,116.305,121.064,118.589,120.614
GRID,proxy,proxy-P2-L8,16384,32,0,0,2,8,9,69.305,68.172,71.118,69.003,70.407
GRID,proxy,proxy-P4-L8,16384,32,0,0,4,8,9,51.460,49.647,59.114,50.307,54.065
GRID,proxy,proxy-P8-L8,16384,32,0,0,8,8,9,56.850,53.364,63.713,54.045,61.248
GRID,proxy,proxy-P1-L8,16384,64,0,0,1,8,9,220.888,211.500,223.954,217.512,223.453
GRID,proxy,proxy-P2-L8,16384,64,0,0,2,8,9,119.912,116.215,121.175,118.450,120.383
GRID,proxy,proxy-P4-L8,16384,64,0,0,4,8,9,82.900,77.871,89.443,80.937,85.886
GRID,proxy,proxy-P8-L8,16384,64,0,0,8,8,9,86.387,81.689,99.653,84.333,88.932
GRID,proxy,proxy-P1-L8,65536,2,0,0,1,8,9,27.303,26.672,28.575,27.093,27.964
GRID,proxy,proxy-P2-L8,65536,2,0,0,2,8,9,27.473,26.532,28.525,27.363,27.754
GRID,proxy,proxy-P1-L8,65536,4,0,0,1,8,9,33.174,32.714,34.397,33.024,33.465
GRID,proxy,proxy-P2-L8,65536,4,0,0,2,8,9,32.763,32.333,33.135,32.463,33.024
GRID,proxy,proxy-P4-L8,65536,4,0,0,4,8,9,32.603,31.812,33.986,32.042,32.774
GRID,proxy,proxy-P1-L8,65536,8,0,0,1,8,9,46.230,44.075,49.506,45.779,46.690
GRID,proxy,proxy-P2-L8,65536,8,0,0,2,8,9,43.164,42.863,44.436,43.024,43.234
GRID,proxy,proxy-P4-L8,65536,8,0,0,4,8,9,43.705,42.933,44.566,43.114,44.135
GRID,proxy,proxy-P8-L8,65536,8,0,0,8,8,9,43.685,42.713,48.193,42.943,44.697
GRID,proxy,proxy-P1-L8,65536,16,0,0,1,8,9,71.308,69.786,73.141,71.177,72.290
GRID,proxy,proxy-P2-L8,65536,16,0,0,2,8,9,64.886,64.194,66.208,64.565,65.106
GRID,proxy,proxy-P4-L8,65536,16,0,0,4,8,9,64.675,64.295,65.897,64.625,65.387
GRID,proxy,proxy-P8-L8,65536,16,0,0,8,8,9,64.936,64.375,68.763,64.626,65.146
GRID,proxy,proxy-P1-L8,65536,32,0,0,1,8,9,120.784,118.339,123.149,119.902,121.184
GRID,proxy,proxy-P2-L8,65536,32,0,0,2,8,9,107.819,107.378,110.454,107.658,107.879
GRID,proxy,proxy-P4-L8,65536,32,0,0,4,8,9,108.390,107.328,109.612,107.909,108.771
GRID,proxy,proxy-P8-L8,65536,32,0,0,8,8,9,108.630,107.268,112.848,107.699,109.412
GRID,proxy,proxy-P1-L8,65536,64,0,0,1,8,9,224.716,213.785,226.389,216.750,225.196
GRID,proxy,proxy-P2-L8,65536,64,0,0,2,8,9,194.146,193.525,195.228,193.755,194.777
GRID,proxy,proxy-P4-L8,65536,64,0,0,4,8,9,194.427,193.515,195.078,194.206,194.607
GRID,proxy,proxy-P8-L8,65536,64,0,0,8,8,9,194.807,193.996,198.805,194.337,197.994
GRID,proxy,proxy-P1-L8,262144,2,0,0,1,8,9,43.574,42.222,45.297,42.763,44.186
GRID,proxy,proxy-P2-L8,262144,2,0,0,2,8,9,43.243,42.522,44.045,42.823,43.504
GRID,proxy,proxy-P1-L8,262144,4,0,0,1,8,9,64.505,63.883,66.078,64.174,64.826
GRID,proxy,proxy-P2-L8,262144,4,0,0,2,8,9,64.475,64.274,66.950,64.425,64.806
GRID,proxy,proxy-P4-L8,262144,4,0,0,4,8,9,64.866,64.685,66.058,64.815,65.276
GRID,proxy,proxy-P1-L8,262144,8,0,0,1,8,9,107.529,107.007,108.440,107.428,107.739
GRID,proxy,proxy-P2-L8,262144,8,0,0,2,8,9,108.039,107.388,108.490,107.618,108.390
GRID,proxy,proxy-P4-L8,262144,8,0,0,4,8,9,107.638,107.167,112.407,107.428,107.909
GRID,proxy,proxy-P8-L8,262144,8,0,0,8,8,9,107.899,107.268,109.232,107.749,108.059
GRID,proxy,proxy-P1-L8,262144,16,0,0,1,8,9,193.775,193.234,194.848,193.585,194.166
GRID,proxy,proxy-P2-L8,262144,16,0,0,2,8,9,194.397,193.976,196.271,194.045,194.496
GRID,proxy,proxy-P4-L8,262144,16,0,0,4,8,9,193.925,193.254,195.809,193.485,195.098
GRID,proxy,proxy-P8-L8,262144,16,0,0,8,8,9,194.888,194.367,195.288,194.627,195.198
GRID,proxy,spin-only,0,0,25,0,1,8,9,36.491,36.039,37.172,36.120,36.851
GRID,proxy,proxy-P1-L8,256,2,25,0,1,8,9,48.253,47.653,51.249,48.093,49.596
GRID,proxy,proxy-P2-L8,256,2,25,0,2,8,9,45.187,44.776,45.548,45.067,45.518
GRID,proxy,proxy-P1-L8,256,4,25,0,1,8,9,54.255,53.274,55.427,54.085,54.837
GRID,proxy,proxy-P2-L8,256,4,25,0,2,8,9,48.184,47.632,48.684,48.033,48.334
GRID,proxy,proxy-P4-L8,256,4,25,0,4,8,9,45.358,44.776,46.490,45.027,45.648
GRID,proxy,proxy-P1-L8,256,8,25,0,1,8,9,67.120,66.198,68.643,66.549,67.470
GRID,proxy,proxy-P2-L8,256,8,25,0,2,8,9,54.185,53.263,55.508,53.915,54.365
GRID,proxy,proxy-P4-L8,256,8,25,0,4,8,9,48.884,47.713,52.883,48.073,49.075
GRID,proxy,proxy-P8-L8,256,8,25,0,8,8,9,46.049,45.288,47.072,45.468,46.610
GRID,proxy,proxy-P1-L8,256,16,25,0,1,8,9,92.308,90.465,93.331,91.627,93.111
GRID,proxy,proxy-P2-L8,256,16,25,0,2,8,9,66.649,65.998,67.571,66.218,67.120
GRID,proxy,proxy-P4-L8,256,16,25,0,4,8,9,54.736,54.144,55.788,54.586,55.137
GRID,proxy,proxy-P8-L8,256,16,25,0,8,8,9,49.216,48.584,50.448,48.994,49.516
GRID,proxy,proxy-P1-L8,256,32,25,0,1,8,9,141.214,137.817,145.071,141.124,141.584
GRID,proxy,proxy-P2-L8,256,32,25,0,2,8,9,91.518,90.525,92.429,90.666,91.778
GRID,proxy,proxy-P4-L8,256,32,25,0,4,8,9,67.291,66.489,72.961,67.130,67.380
GRID,proxy,proxy-P8-L8,256,32,25,0,8,8,9,56.019,55.177,60.407,55.758,56.861
GRID,proxy,proxy-P1-L8,256,64,25,0,1,8,9,243.893,236.308,247.790,241.668,246.387
GRID,proxy,proxy-P2-L8,256,64,25,0,2,8,9,140.492,138.047,142.136,139.580,140.603
GRID,proxy,proxy-P4-L8,256,64,25,0,4,8,9,91.708,91.197,93.011,91.637,92.018
GRID,proxy,proxy-P8-L8,256,64,25,0,8,8,9,90.114,79.073,101.426,80.466,95.064
GRID,proxy,proxy-P1-L8,1024,2,25,0,1,8,9,48.244,47.622,49.095,47.883,48.704
GRID,proxy,proxy-P2-L8,1024,2,25,0,2,8,9,45.037,44.747,48.875,44.977,45.488
GRID,proxy,proxy-P1-L8,1024,4,25,0,1,8,9,54.405,53.794,61.399,53.984,55.117
GRID,proxy,proxy-P2-L8,1024,4,25,0,2,8,9,48.344,47.211,48.954,47.593,48.484
GRID,proxy,proxy-P4-L8,1024,4,25,0,4,8,9,45.248,44.907,45.618,45.027,45.458
GRID,proxy,proxy-P1-L8,1024,8,25,0,1,8,9,66.889,65.938,68.502,66.599,67.020
GRID,proxy,proxy-P2-L8,1024,8,25,0,2,8,9,54.435,53.433,55.909,54.105,54.847
GRID,proxy,proxy-P4-L8,1024,8,25,0,4,8,9,48.294,47.602,49.216,47.823,48.654
GRID,proxy,proxy-P8-L8,1024,8,25,0,8,8,9,46.210,45.488,48.033,45.909,46.370
GRID,proxy,proxy-P1-L8,1024,16,25,0,1,8,9,91.728,90.745,93.080,90.977,92.580
GRID,proxy,proxy-P2-L8,1024,16,25,0,2,8,9,66.800,65.987,67.811,66.449,67.320
GRID,proxy,proxy-P4-L8,1024,16,25,0,4,8,9,54.485,53.984,56.580,54.185,54.826
GRID,proxy,proxy-P8-L8,1024,16,25,0,8,8,9,49.496,48.974,50.208,49.416,49.626
GRID,proxy,proxy-P1-L8,1024,32,25,0,1,8,9,142.125,139.200,145.742,141.104,143.708
GRID,proxy,proxy-P2-L8,1024,32,25,0,2,8,9,90.896,90.365,92.108,90.716,91.457
GRID,proxy,proxy-P4-L8,1024,32,25,0,4,8,9,66.930,66.128,68.372,66.639,67.330
GRID,proxy,proxy-P8-L8,1024,32,25,0,8,8,9,58.002,55.447,64.285,55.717,60.567
GRID,proxy,proxy-P1-L8,1024,64,25,0,1,8,9,241.839,235.516,246.167,239.404,242.950
GRID,proxy,proxy-P2-L8,1024,64,25,0,2,8,9,140.682,139.119,143.077,140.001,141.915
GRID,proxy,proxy-P4-L8,1024,64,25,0,4,8,9,91.898,90.616,92.759,91.537,92.339
GRID,proxy,proxy-P8-L8,1024,64,25,0,8,8,9,85.165,80.706,90.244,82.589,86.367
GRID,proxy,proxy-P1-L8,4096,2,25,0,1,8,9,48.093,47.682,49.886,47.943,48.424
GRID,proxy,proxy-P2-L8,4096,2,25,0,2,8,9,45.238,44.486,46.851,44.787,45.728
GRID,proxy,proxy-P1-L8,4096,4,25,0,1,8,9,54.125,53.674,55.227,53.854,54.315
GRID,proxy,proxy-P2-L8,4096,4,25,0,2,8,9,48.334,47.461,53.093,48.254,48.765
GRID,proxy,proxy-P4-L8,4096,4,25,0,4,8,9,45.358,44.756,46.089,45.088,45.789
GRID,proxy,proxy-P1-L8,4096,8,25,0,1,8,9,67.601,66.189,68.362,66.529,67.781
GRID,proxy,proxy-P2-L8,4096,8,25,0,2,8,9,53.994,53.163,55.587,53.854,54.646
GRID,proxy,proxy-P4-L8,4096,8,25,0,4,8,9,48.504,47.823,49.275,48.013,48.855
GRID,proxy,proxy-P8-L8,4096,8,25,0,8,8,9,45.929,45.548,50.227,45.849,46.390
GRID,proxy,proxy-P1-L8,4096,16,25,0,1,8,9,93.000,90.004,93.160,91.267,93.010
GRID,proxy,proxy-P2-L8,4096,16,25,0,2,8,9,66.649,65.837,67.671,66.398,67.440
GRID,proxy,proxy-P4-L8,4096,16,25,0,4,8,9,54.666,53.534,55.698,54.436,55.127
GRID,proxy,proxy-P8-L8,4096,16,25,0,8,8,9,49.406,48.905,50.588,49.275,49.817
GRID,proxy,proxy-P1-L8,4096,32,25,0,1,8,9,139.941,138.368,141.404,138.859,141.044
GRID,proxy,proxy-P2-L8,4096,32,25,0,2,8,9,90.846,90.545,93.561,90.666,91.608
GRID,proxy,proxy-P4-L8,4096,32,25,0,4,8,9,67.270,66.779,67.410,67.080,67.301
GRID,proxy,proxy-P8-L8,4096,32,25,0,8,8,9,58.813,57.171,62.291,58.193,59.124
GRID,proxy,proxy-P1-L8,4096,64,25,0,1,8,9,244.514,235.075,248.090,240.015,246.648
GRID,proxy,proxy-P2-L8,4096,64,25,0,2,8,9,140.432,138.538,142.697,139.871,140.873
GRID,proxy,proxy-P4-L8,4096,64,25,0,4,8,9,92.048,91.286,92.559,91.497,92.329
GRID,proxy,proxy-P8-L8,4096,64,25,0,8,8,9,86.748,81.899,95.835,84.594,93.120
GRID,proxy,proxy-P1-L8,16384,2,25,0,1,8,9,48.464,47.762,49.175,48.304,48.644
GRID,proxy,proxy-P2-L8,16384,2,25,0,2,8,9,44.817,44.487,46.220,44.727,45.168
GRID,proxy,proxy-P1-L8,16384,4,25,0,1,8,9,54.556,53.804,55.788,54.266,55.427
GRID,proxy,proxy-P2-L8,16384,4,25,0,2,8,9,47.842,47.512,49.546,47.542,48.795
GRID,proxy,proxy-P4-L8,16384,4,25,0,4,8,9,45.488,44.887,45.748,45.138,45.588
GRID,proxy,proxy-P1-L8,16384,8,25,0,1,8,9,67.340,66.629,68.743,67.080,67.481
GRID,proxy,proxy-P2-L8,16384,8,25,0,2,8,9,54.606,53.434,55.126,53.654,54.756
GRID,proxy,proxy-P4-L8,16384,8,25,0,4,8,9,48.303,47.803,49.195,48.243,48.764
GRID,proxy,proxy-P8-L8,16384,8,25,0,8,8,9,46.240,45.388,46.891,45.668,46.470
GRID,proxy,proxy-P1-L8,16384,16,25,0,1,8,9,91.798,89.563,93.270,91.547,92.569
GRID,proxy,proxy-P2-L8,16384,16,25,0,2,8,9,66.840,66.028,67.321,66.519,67.240
GRID,proxy,proxy-P4-L8,16384,16,25,0,4,8,9,54.155,53.904,55.838,54.105,54.876
GRID,proxy,proxy-P8-L8,16384,16,25,0,8,8,9,49.416,48.955,49.686,49.256,49.596
GRID,proxy,proxy-P1-L8,16384,32,25,0,1,8,9,142.336,139.661,145.182,140.923,143.157
GRID,proxy,proxy-P2-L8,16384,32,25,0,2,8,9,91.336,90.636,92.479,91.277,91.568
GRID,proxy,proxy-P4-L8,16384,32,25,0,4,8,9,66.860,66.419,67.932,66.589,67.110
GRID,proxy,proxy-P8-L8,16384,32,25,0,8,8,9,56.169,55.217,60.517,55.868,57.922
GRID,proxy,proxy-P1-L8,16384,64,25,0,1,8,9,241.267,234.163,247.400,239.313,243.662
GRID,proxy,proxy-P2-L8,16384,64,25,0,2,8,9,140.532,139.651,142.245,140.041,141.775
GRID,proxy,proxy-P4-L8,16384,64,25,0,4,8,9,92.288,90.866,93.090,91.567,92.449
GRID,proxy,proxy-P8-L8,16384,64,25,0,8,8,9,87.139,81.688,95.555,82.680,87.690
GRID,proxy,proxy-P1-L8,65536,2,25,0,1,8,9,47.943,47.512,49.496,47.742,48.594
GRID,proxy,proxy-P2-L8,65536,2,25,0,2,8,9,45.247,44.526,46.180,44.837,45.749
GRID,proxy,proxy-P1-L8,65536,4,25,0,1,8,9,54.275,53.814,56.009,53.985,54.867
GRID,proxy,proxy-P2-L8,65536,4,25,0,2,8,9,47.983,47.662,49.025,47.773,48.413
GRID,proxy,proxy-P4-L8,65536,4,25,0,4,8,9,44.957,44.757,46.129,44.857,45.368
GRID,proxy,proxy-P1-L8,65536,8,25,0,1,8,9,67.420,66.289,68.432,66.609,68.021
GRID,proxy,proxy-P2-L8,65536,8,25,0,2,8,9,53.814,53.263,55.237,53.554,54.175
GRID,proxy,proxy-P4-L8,65536,8,25,0,4,8,9,48.595,48.164,49.306,48.354,48.835
GRID,proxy,proxy-P8-L8,65536,8,25,0,8,8,9,46.129,45.428,47.512,45.808,46.260
GRID,proxy,proxy-P1-L8,65536,16,25,0,1,8,9,93.010,91.237,93.571,91.577,93.250
GRID,proxy,proxy-P2-L8,65536,16,25,0,2,8,9,66.990,65.647,67.541,66.509,67.200
GRID,proxy,proxy-P4-L8,65536,16,25,0,4,8,9,64.966,64.144,66.950,64.335,65.116
GRID,proxy,proxy-P8-L8,65536,16,25,0,8,8,9,64.515,64.084,65.617,64.264,65.116
GRID,proxy,proxy-P1-L8,65536,32,25,0,1,8,9,141.194,138.979,143.558,140.963,141.434
GRID,proxy,proxy-P2-L8,65536,32,25,0,2,8,9,107.628,107.197,108.551,107.398,108.069
GRID,proxy,proxy-P4-L8,65536,32,25,0,4,8,9,108.400,107.699,109.001,108.010,108.660
GRID,proxy,proxy-P8-L8,65536,32,25,0,8,8,9,108.230,107.188,109.652,107.679,108.420
GRID,proxy,proxy-P1-L8,65536,64,25,0,1,8,9,243.742,236.779,247.409,239.514,245.656
GRID,proxy,proxy-P2-L8,65536,64,25,0,2,8,9,194.777,193.544,196.450,193.675,195.378
GRID,proxy,proxy-P4-L8,65536,64,25,0,4,8,9,194.317,193.665,195.509,194.046,194.957
GRID,proxy,proxy-P8-L8,65536,64,25,0,8,8,9,194.206,193.375,196.090,193.905,194.697
GRID,proxy,proxy-P1-L8,262144,2,25,0,1,8,9,48.234,47.642,48.865,48.063,48.464
GRID,proxy,proxy-P2-L8,262144,2,25,0,2,8,9,44.717,44.496,46.179,44.647,45.538
GRID,proxy,proxy-P1-L8,262144,4,25,0,1,8,9,64.665,64.124,67.510,64.345,64.966
GRID,proxy,proxy-P2-L8,262144,4,25,0,2,8,9,64.635,63.733,65.437,64.174,64.636
GRID,proxy,proxy-P4-L8,262144,4,25,0,4,8,9,64.575,64.235,65.487,64.505,65.046
GRID,proxy,proxy-P1-L8,262144,8,25,0,1,8,9,107.118,106.797,107.989,107.087,107.468
GRID,proxy,proxy-P2-L8,262144,8,25,0,2,8,9,107.618,107.107,108.110,107.378,107.989
GRID,proxy,proxy-P4-L8,262144,8,25,0,4,8,9,107.728,107.428,108.320,107.478,107.929
GRID,proxy,proxy-P8-L8,262144,8,25,0,8,8,9,108.410,106.797,111.306,108.210,108.621
GRID,proxy,proxy-P1-L8,262144,16,25,0,1,8,9,193.815,192.983,195.529,193.535,194.166
GRID,proxy,proxy-P2-L8,262144,16,25,0,2,8,9,193.955,193.595,195.018,193.875,194.457
GRID,proxy,proxy-P4-L8,262144,16,25,0,4,8,9,193.785,193.475,195.979,193.545,194.096
GRID,proxy,proxy-P8-L8,262144,16,25,0,8,8,9,194.136,193.785,195.127,194.076,194.567
GRID,proxy,spin-only,0,0,100,0,1,8,9,111.476,110.724,112.017,111.115,111.636
GRID,proxy,proxy-P1-L8,256,2,100,0,1,8,9,123.269,122.477,124.461,123.168,123.509
GRID,proxy,proxy-P2-L8,256,2,100,0,2,8,9,120.223,119.741,121.536,120.002,120.763
GRID,proxy,proxy-P1-L8,256,4,100,0,1,8,9,129.581,128.790,130.363,128.889,129.771
GRID,proxy,proxy-P2-L8,256,4,100,0,2,8,9,123.520,122.938,123.799,123.258,123.729
GRID,proxy,proxy-P4-L8,256,4,100,0,4,8,9,120.433,119.962,121.746,120.122,120.955
GRID,proxy,proxy-P1-L8,256,8,100,0,1,8,9,142.155,140.993,144.560,141.544,143.548
GRID,proxy,proxy-P2-L8,256,8,100,0,2,8,9,129.029,128.559,130.553,128.840,129.170
GRID,proxy,proxy-P4-L8,256,8,100,0,4,8,9,123.550,122.638,124.171,123.228,123.920
GRID,proxy,proxy-P8-L8,256,8,100,0,8,8,9,121.064,120.403,122.778,120.493,121.274
GRID,proxy,proxy-P1-L8,256,16,100,0,1,8,9,166.873,165.811,167.895,166.443,167.424
GRID,proxy,proxy-P2-L8,256,16,100,0,2,8,9,141.865,141.444,143.618,141.805,142.405
GRID,proxy,proxy-P4-L8,256,16,100,0,4,8,9,130.022,129.280,131.224,129.712,130.102
GRID,proxy,proxy-P8-L8,256,16,100,0,8,8,9,124.471,123.880,127.907,124.171,124.711
GRID,proxy,proxy-P1-L8,256,32,100,0,1,8,9,216.609,213.684,220.918,216.069,219.144
GRID,proxy,proxy-P2-L8,256,32,100,0,2,8,9,166.092,165.240,166.963,165.591,166.642
GRID,proxy,proxy-P4-L8,256,32,100,0,4,8,9,142.235,141.834,142.777,142.105,142.486
GRID,proxy,proxy-P8-L8,256,32,100,0,8,8,9,130.603,130.243,132.136,130.452,131.134
GRID,proxy,proxy-P1-L8,256,64,100,0,1,8,9,320.080,308.377,321.923,315.250,321.032
GRID,proxy,proxy-P2-L8,256,64,100,0,2,8,9,214.696,214.376,216.339,214.636,215.928
GRID,proxy,proxy-P4-L8,256,64,100,0,4,8,9,166.963,165.931,168.035,166.493,167.474
GRID,proxy,proxy-P8-L8,256,64,100,0,8,8,9,143.457,142.596,145.562,142.776,143.799
GRID,proxy,proxy-P1-L8,1024,2,100,0,1,8,9,123.700,122.788,128.258,123.078,123.810
GRID,proxy,proxy-P2-L8,1024,2,100,0,2,8,9,120.132,119.271,121.655,119.893,120.464
GRID,proxy,proxy-P1-L8,1024,4,100,0,1,8,9,129.881,128.789,131.274,129.321,130.122
GRID,proxy,proxy-P2-L8,1024,4,100,0,2,8,9,122.838,122.247,123.840,122.497,123.409
GRID,proxy,proxy-P4-L8,1024,4,100,0,4,8,9,120.603,119.792,125.593,120.283,120.884
GRID,proxy,proxy-P1-L8,1024,8,100,0,1,8,9,141.935,140.572,144.981,141.404,142.666
GRID,proxy,proxy-P2-L8,1024,8,100,0,2,8,9,129.400,128.759,129.792,129.201,129.471
GRID,proxy,proxy-P4-L8,1024,8,100,0,4,8,9,123.399,122.828,124.552,123.349,123.760
GRID,proxy,proxy-P8-L8,1024,8,100,0,8,8,9,121.395,120.353,121.766,120.474,121.646
GRID,proxy,proxy-P1-L8,1024,16,100,0,1,8,9,166.903,165.049,168.887,166.663,168.086
GRID,proxy,proxy-P2-L8,1024,16,100,0,2,8,9,141.494,141.073,145.131,141.304,141.644
GRID,proxy,proxy-P4-L8,1024,16,100,0,4,8,9,129.411,129.160,130.453,129.351,129.721
GRID,proxy,proxy-P8-L8,1024,16,100,0,8,8,9,124.260,123.780,124.892,124.121,124.621
GRID,proxy,proxy-P1-L8,1024,32,100,0,1,8,9,217.161,214.716,219.154,216.790,217.982
GRID,proxy,proxy-P2-L8,1024,32,100,0,2,8,9,166.813,165.881,168.145,166.031,167.335
GRID,proxy,proxy-P4-L8,1024,32,100,0,4,8,9,141.824,140.983,144.039,141.544,142.797
GRID,proxy,proxy-P8-L8,1024,32,100,0,8,8,9,130.793,130.172,132.156,130.283,131.495
GRID,proxy,proxy-P1-L8,1024,64,100,0,1,8,9,316.022,310.321,320.982,314.309,318.977
GRID,proxy,proxy-P2-L8,1024,64,100,0,2,8,9,216.269,213.754,217.491,214.285,217.251
GRID,proxy,proxy-P4-L8,1024,64,100,0,4,8,9,166.903,165.882,169.037,166.662,167.535
GRID,proxy,proxy-P8-L8,1024,64,100,0,8,8,9,143.418,142.626,144.730,142.756,144.049
GRID,proxy,proxy-P1-L8,4096,2,100,0,1,8,9,123.309,122.848,125.222,123.158,123.689
GRID,proxy,proxy-P2-L8,4096,2,100,0,2,8,9,120.233,119.511,120.864,120.032,120.333
GRID,proxy,proxy-P1-L8,4096,4,100,0,1,8,9,129.611,128.950,130.142,129.401,130.021
GRID,proxy,proxy-P2-L8,4096,4,100,0,2,8,9,123.298,122.347,125.753,123.058,124.011
GRID,proxy,proxy-P4-L8,4096,4,100,0,4,8,9,120.433,119.711,121.074,120.323,120.804
GRID,proxy,proxy-P1-L8,4096,8,100,0,1,8,9,141.614,141.003,144.309,141.224,142.586
GRID,proxy,proxy-P2-L8,4096,8,100,0,2,8,9,128.900,128.329,130.232,128.629,129.601
GRID,proxy,proxy-P4-L8,4096,8,100,0,4,8,9,123.399,122.778,124.190,123.299,124.000
GRID,proxy,proxy-P8-L8,4096,8,100,0,8,8,9,120.964,120.564,123.188,120.774,121.525
GRID,proxy,proxy-P1-L8,4096,16,100,0,1,8,9,167.545,165.440,168.336,166.382,167.935
GRID,proxy,proxy-P2-L8,4096,16,100,0,2,8,9,142.106,140.712,144.320,141.313,142.506
GRID,proxy,proxy-P4-L8,4096,16,100,0,4,8,9,129.701,129.240,131.435,129.471,130.012
GRID,proxy,proxy-P8-L8,4096,16,100,0,8,8,9,124.421,123.900,125.433,124.120,124.792
GRID,proxy,proxy-P1-L8,4096,32,100,0,1,8,9,217.230,213.073,218.784,214.926,218.273
GRID,proxy,proxy-P2-L8,4096,32,100,0,2,8,9,166.121,164.708,167.174,165.751,166.422
GRID,proxy,proxy-P4-L8,4096,32,100,0,4,8,9,142.335,141.734,143.368,141.954,142.486
GRID,proxy,proxy-P8-L8,4096,32,100,0,8,8,9,130.864,130.272,132.607,130.713,131.645
GRID,proxy,proxy-P1-L8,4096,64,100,0,1,8,9,317.044,311.814,322.375,314.298,320.701
GRID,proxy,proxy-P2-L8,4096,64,100,0,2,8,9,215.468,213.944,216.259,214.676,215.988
GRID,proxy,proxy-P4-L8,4096,64,100,0,4,8,9,166.823,165.931,169.158,166.623,167.454
GRID,proxy,proxy-P8-L8,4096,64,100,0,8,8,9,143.718,142.516,144.520,143.517,144.400
GRID,proxy,proxy-P1-L8,16384,2,100,0,1,8,9,123.289,122.858,126.074,123.029,123.940
GRID,proxy,proxy-P2-L8,16384,2,100,0,2,8,9,120.113,119.622,121.405,119.992,120.433
GRID,proxy,proxy-P1-L8,16384,4,100,0,1,8,9,129.571,128.519,130.713,129.471,129.621
GRID,proxy,proxy-P2-L8,16384,4,100,0,2,8,9,122.878,122.668,124.821,122.817,123.639
GRID,proxy,proxy-P4-L8,16384,4,100,0,4,8,9,120.643,120.062,121.335,120.082,120.975
GRID,proxy,proxy-P1-L8,16384,8,100,0,1,8,9,141.744,141.173,143.688,141.604,141.905
GRID,proxy,proxy-P2-L8,16384,8,100,0,2,8,9,129.691,129.000,130.062,129.180,129.822
GRID,proxy,proxy-P4-L8,16384,8,100,0,4,8,9,123.580,123.219,124.221,123.559,123.850
GRID,proxy,proxy-P8-L8,16384,8,100,0,8,8,9,121.135,120.704,122.317,120.834,121.746
GRID,proxy,proxy-P1-L8,16384,16,100,0,1,8,9,167.374,165.420,169.829,166.813,167.865
GRID,proxy,proxy-P2-L8,16384,16,100,0,2,8,9,141.915,141.434,144.490,141.694,142.686
GRID,proxy,proxy-P4-L8,16384,16,100,0,4,8,9,130.011,129.261,131.274,129.661,130.292
GRID,proxy,proxy-P8-L8,16384,16,100,0,8,8,9,124.511,123.789,125.433,124.210,124.691
GRID,proxy,proxy-P1-L8,16384,32,100,0,1,8,9,217.791,214.706,220.417,216.710,218.553
GRID,proxy,proxy-P2-L8,16384,32,100,0,2,8,9,166.913,165.440,169.027,166.192,167.495
GRID,proxy,proxy-P4-L8,16384,32,100,0,4,8,9,141.905,141.203,142.436,141.875,142.306
GRID,proxy,proxy-P8-L8,16384,32,100,0,8,8,9,131.024,130.483,132.637,130.964,131.455
GRID,proxy,proxy-P1-L8,16384,64,100,0,1,8,9,314.158,311.183,318.667,313.067,315.030
GRID,proxy,proxy-P2-L8,16384,64,100,0,2,8,9,215.718,213.614,218.533,214.446,216.690
GRID,proxy,proxy-P4-L8,16384,64,100,0,4,8,9,167.074,166.172,169.439,166.672,167.795
GRID,proxy,proxy-P8-L8,16384,64,100,0,8,8,9,143.448,142.656,144.620,143.247,143.608
GRID,proxy,proxy-P1-L8,65536,2,100,0,1,8,9,123.068,122.327,124.721,122.797,123.500
GRID,proxy,proxy-P2-L8,65536,2,100,0,2,8,9,120.173,119.542,120.975,119.792,120.623
GRID,proxy,proxy-P1-L8,65536,4,100,0,1,8,9,129.100,128.629,130.853,128.930,130.132
GRID,proxy,proxy-P2-L8,65536,4,100,0,2,8,9,123.349,122.698,124.190,123.269,123.970
GRID,proxy,proxy-P4-L8,65536,4,100,0,4,8,9,120.584,119.932,122.187,120.413,120.924
GRID,proxy,proxy-P1-L8,65536,8,100,0,1,8,9,141.995,140.722,143.998,141.264,142.797
GRID,proxy,proxy-P2-L8,65536,8,100,0,2,8,9,129.251,128.419,131.023,129.160,129.821
GRID,proxy,proxy-P4-L8,65536,8,100,0,4,8,9,123.419,122.708,124.341,123.258,124.181
GRID,proxy,proxy-P8-L8,65536,8,100,0,8,8,9,121.215,120.583,124.371,120.694,121.695
GRID,proxy,proxy-P1-L8,65536,16,100,0,1,8,9,166.663,166.182,168.397,166.412,167.945
GRID,proxy,proxy-P2-L8,65536,16,100,0,2,8,9,141.524,140.993,143.598,141.334,142.466
GRID,proxy,proxy-P4-L8,65536,16,100,0,4,8,9,130.082,129.190,130.643,129.882,130.292
GRID,proxy,proxy-P8-L8,65536,16,100,0,8,8,9,124.381,123.890,125.713,124.150,124.802
GRID,proxy,proxy-P1-L8,65536,32,100,0,1,8,9,217.972,213.944,220.847,215.808,218.494
GRID,proxy,proxy-P2-L8,65536,32,100,0,2,8,9,166.232,165.480,169.348,165.751,166.353
GRID,proxy,proxy-P4-L8,65536,32,100,0,4,8,9,142.015,141.353,142.926,141.904,142.316
GRID,proxy,proxy-P8-L8,65536,32,100,0,8,8,9,130.332,129.982,132.236,130.312,130.813
GRID,proxy,proxy-P1-L8,65536,64,100,0,1,8,9,318.026,313.057,322.915,315.050,320.791
GRID,proxy,proxy-P2-L8,65536,64,100,0,2,8,9,215.447,214.435,216.298,214.956,215.878
GRID,proxy,proxy-P4-L8,65536,64,100,0,4,8,9,194.046,193.415,197.623,193.835,194.917
GRID,proxy,proxy-P8-L8,65536,64,100,0,8,8,9,194.447,193.895,195.609,194.266,194.697
GRID,proxy,proxy-P1-L8,262144,2,100,0,1,8,9,123.460,122.357,124.330,123.168,123.950
GRID,proxy,proxy-P2-L8,262144,2,100,0,2,8,9,120.162,119.622,121.455,120.043,120.653
GRID,proxy,proxy-P1-L8,262144,4,100,0,1,8,9,129.641,128.960,130.974,129.131,129.901
GRID,proxy,proxy-P2-L8,262144,4,100,0,2,8,9,123.249,122.387,123.550,123.008,123.500
GRID,proxy,proxy-P4-L8,262144,4,100,0,4,8,9,120.593,120.133,123.879,120.433,120.984
GRID,proxy,proxy-P1-L8,262144,8,100,0,1,8,9,141.344,140.362,142.786,141.234,141.454
GRID,proxy,proxy-P2-L8,262144,8,100,0,2,8,9,129.090,128.750,129.952,128.850,129.131
GRID,proxy,proxy-P4-L8,262144,8,100,0,4,8,9,122.888,122.678,124.021,122.708,123.599
GRID,proxy,proxy-P8-L8,262144,8,100,0,8,8,9,121.125,120.303,121.465,120.914,121.406
GRID,proxy,proxy-P1-L8,262144,16,100,0,1,8,9,193.615,193.154,195.508,193.445,193.815
GRID,proxy,proxy-P2-L8,262144,16,100,0,2,8,9,193.966,193.725,194.377,193.805,194.317
GRID,proxy,proxy-P4-L8,262144,16,100,0,4,8,9,194.256,193.455,195.198,194.116,194.907
GRID,proxy,proxy-P8-L8,262144,16,100,0,8,8,9,194.787,193.755,195.419,194.657,194.968
GRID,proxy,spin-only,0,0,400,0,1,8,9,411.617,410.866,412.329,411.277,411.787
GRID,proxy,proxy-P1-L8,256,2,400,0,1,8,9,423.410,422.839,424.362,423.109,423.611
GRID,proxy,proxy-P2-L8,256,2,400,0,2,8,9,420.084,419.372,421.015,419.913,420.454
GRID,proxy,proxy-P1-L8,256,4,400,0,1,8,9,429.312,428.990,431.516,429.151,429.893
GRID,proxy,proxy-P2-L8,256,4,400,0,2,8,9,423.540,422.769,423.900,423.410,423.651
GRID,proxy,proxy-P4-L8,256,4,400,0,4,8,9,420.394,419.933,421.817,420.214,421.006
GRID,proxy,proxy-P1-L8,256,8,400,0,1,8,9,442.277,441.605,443.860,441.976,443.028
GRID,proxy,proxy-P2-L8,256,8,400,0,2,8,9,429.221,428.510,430.353,428.951,429.511
GRID,proxy,proxy-P4-L8,256,8,400,0,4,8,9,423.861,422.498,424.984,423.610,424.041
GRID,proxy,proxy-P8-L8,256,8,400,0,8,8,9,421.336,420.394,422.278,421.006,421.747
GRID,proxy,proxy-P1-L8,256,16,400,0,1,8,9,467.305,465.501,468.276,466.674,468.066
GRID,proxy,proxy-P2-L8,256,16,400,0,2,8,9,442.106,441.465,444.050,441.776,442.287
GRID,proxy,proxy-P4-L8,256,16,400,0,4,8,9,430.073,429.091,431.185,429.892,430.173
GRID,proxy,proxy-P8-L8,256,16,400,0,8,8,9,424.662,423.851,425.704,424.411,424.823
GRID,proxy,proxy-P1-L8,256,32,400,0,1,8,9,517.372,515.128,521.820,516.309,519.005
GRID,proxy,proxy-P2-L8,256,32,400,0,2,8,9,466.514,465.151,468.207,465.963,466.974
GRID,proxy,proxy-P4-L8,256,32,400,0,4,8,9,442.226,441.556,443.710,442.106,442.567
GRID,proxy,proxy-P8-L8,256,32,400,0,8,8,9,430.794,430.203,432.838,430.634,431.065
GRID,proxy,proxy-P1-L8,256,64,400,0,1,8,9,618.768,610.974,624.078,616.855,620.301
GRID,proxy,proxy-P2-L8,256,64,400,0,2,8,9,515.929,514.937,520.648,515.698,517.582
GRID,proxy,proxy-P4-L8,256,64,400,0,4,8,9,467.325,466.513,468.156,466.924,467.906
GRID,proxy,proxy-P8-L8,256,64,400,0,8,8,9,443.459,443.078,445.503,443.348,444.170
GRID,proxy,proxy-P1-L8,1024,2,400,0,1,8,9,423.079,422.368,424.572,422.939,423.490
GRID,proxy,proxy-P2-L8,1024,2,400,0,2,8,9,420.023,419.392,421.045,419.733,420.174
GRID,proxy,proxy-P1-L8,1024,4,400,0,1,8,9,429.412,428.560,430.674,428.890,429.853
GRID,proxy,proxy-P2-L8,1024,4,400,0,2,8,9,423.440,422.578,424.382,423.209,423.551
GRID,proxy,proxy-P4-L8,1024,4,400,0,4,8,9,420.625,420.173,421.416,420.494,421.126
GRID,proxy,proxy-P1-L8,1024,8,400,0,1,8,9,442.066,440.343,442.787,441.255,442.657
GRID,proxy,proxy-P2-L8,1024,8,400,0,2,8,9,429.752,428.420,430.524,429.251,430.002
GRID,proxy,proxy-P4-L8,1024,8,400,0,4,8,9,423.530,423.009,424.612,423.099,424.192
GRID,proxy,proxy-P8-L8,1024,8,400,0,8,8,9,421.797,420.875,424.562,421.486,421.887
GRID,proxy,proxy-P1-L8,1024,16,400,0,1,8,9,467.375,465.521,469.379,466.514,468.497
GRID,proxy,proxy-P2-L8,1024,16,400,0,2,8,9,441.746,441.174,443.038,441.606,441.946
GRID,proxy,proxy-P4-L8,1024,16,400,0,4,8,9,429.592,429.191,430.795,429.492,430.042
GRID,proxy,proxy-P8-L8,1024,16,400,0,8,8,9,424.361,423.660,425.013,423.911,424.833
GRID,proxy,proxy-P1-L8,1024,32,400,0,1,8,9,516.751,514.596,518.484,516.320,517.081
GRID,proxy,proxy-P2-L8,1024,32,400,0,2,8,9,466.674,464.901,468.467,466.433,467.225
GRID,proxy,proxy-P4-L8,1024,32,400,0,4,8,9,442.046,441.385,443.328,441.766,442.758
GRID,proxy,proxy-P8-L8,1024,32,400,0,8,8,9,431.025,430.604,431.526,430.905,431.305
GRID,proxy,proxy-P1-L8,1024,64,400,0,1,8,9,614.379,609.180,620.902,612.646,617.486
GRID,proxy,proxy-P2-L8,1024,64,400,0,2,8,9,515.618,514.025,517.182,515.188,516.411
GRID,proxy,proxy-P4-L8,1024,64,400,0,4,8,9,467.375,466.805,468.707,467.155,468.086
GRID,proxy,proxy-P8-L8,1024,64,400,0,8,8,9,443.649,442.647,445.874,443.078,444.281
GRID,proxy,proxy-P1-L8,4096,2,400,0,1,8,9,423.370,422.939,424.632,423.279,423.681
GRID,proxy,proxy-P2-L8,4096,2,400,0,2,8,9,420.404,419.623,425.814,420.003,420.886
GRID,proxy,proxy-P1-L8,4096,4,400,0,1,8,9,429.421,429.091,431.085,429.211,429.902
GRID,proxy,proxy-P2-L8,4096,4,400,0,2,8,9,423.230,422.258,424.572,422.999,423.820
GRID,proxy,proxy-P4-L8,4096,4,400,0,4,8,9,420.525,419.993,421.677,420.294,420.725
GRID,proxy,proxy-P1-L8,4096,8,400,0,1,8,9,441.926,441.525,443.358,441.785,443.018
GRID,proxy,proxy-P2-L8,4096,8,400,0,2,8,9,429.141,428.670,430.484,428.851,429.963
GRID,proxy,proxy-P4-L8,4096,8,400,0,4,8,9,423.651,423.490,424.502,423.500,424.191
GRID,proxy,proxy-P8-L8,4096,8,400,0,8,8,9,420.865,419.041,423.771,420.544,421.687
GRID,proxy,proxy-P1-L8,4096,16,400,0,1,8,9,467.295,465.201,468.267,466.694,467.977
GRID,proxy,proxy-P2-L8,4096,16,400,0,2,8,9,441.665,440.944,443.168,441.104,442.286
GRID,proxy,proxy-P4-L8,4096,16,400,0,4,8,9,429.572,428.991,430.554,429.382,430.283
GRID,proxy,proxy-P8-L8,4096,16,400,0,8,8,9,424.602,423.781,425.414,424.101,424.892
GRID,proxy,proxy-P1-L8,4096,32,400,0,1,8,9,514.296,511.130,518.304,513.284,516.530
GRID,proxy,proxy-P2-L8,4096,32,400,0,2,8,9,464.900,464.529,467.045,464.670,465.371
GRID,proxy,proxy-P4-L8,4096,32,400,0,4,8,9,442.076,441.265,444.380,441.896,443.168
GRID,proxy,proxy-P8-L8,4096,32,400,0,8,8,9,430.864,430.243,431.726,430.414,431.035
GRID,proxy,proxy-P1-L8,4096,64,400,0,1,8,9,610.201,602.968,615.552,608.849,611.985
GRID,proxy,proxy-P2-L8,4096,64,400,0,2,8,9,513.214,511.120,513.694,512.061,513.474
GRID,proxy,proxy-P4-L8,4096,64,400,0,4,8,9,466.704,465.201,468.097,465.982,467.275
GRID,proxy,proxy-P8-L8,4096,64,400,0,8,8,9,443.649,442.587,445.252,443.279,444.050
GRID,proxy,proxy-P1-L8,16384,2,400,0,1,8,9,423.180,422.248,424.361,422.769,423.320
GRID,proxy,proxy-P2-L8,16384,2,400,0,2,8,9,420.093,419.503,421.717,419.953,420.304
GRID,proxy,proxy-P1-L8,16384,4,400,0,1,8,9,429.342,428.620,429.892,429.051,429.542
GRID,proxy,proxy-P2-L8,16384,4,400,0,2,8,9,423.179,422.629,424.902,422.799,423.540
GRID,proxy,proxy-P4-L8,16384,4,400,0,4,8,9,420.635,420.354,421.086,420.474,421.005
GRID,proxy,proxy-P1-L8,16384,8,400,0,1,8,9,441.605,440.283,442.587,440.894,442.086
GRID,proxy,proxy-P2-L8,16384,8,400,0,2,8,9,429.362,428.601,430.904,428.971,430.072
GRID,proxy,proxy-P4-L8,16384,8,400,0,4,8,9,423.671,422.959,425.374,423.400,424.111
GRID,proxy,proxy-P8-L8,16384,8,400,0,8,8,9,421.486,420.675,421.847,420.946,421.686
GRID,proxy,proxy-P1-L8,16384,16,400,0,1,8,9,466.042,464.579,467.956,465.091,466.784
GRID,proxy,proxy-P2-L8,16384,16,400,0,2,8,9,441.405,441.045,442.628,441.265,441.815
GRID,proxy,proxy-P4-L8,16384,16,400,0,4,8,9,429.402,428.991,431.576,429.181,430.223
GRID,proxy,proxy-P8-L8,16384,16,400,0,8,8,9,424.592,423.831,425.885,424.301,424.773
GRID,proxy,proxy-P1-L8,16384,32,400,0,1,8,9,514.116,513.494,515.929,513.936,514.396
GRID,proxy,proxy-P2-L8,16384,32,400,0,2,8,9,465.752,464.570,466.984,464.740,466.353
GRID,proxy,proxy-P4-L8,16384,32,400,0,4,8,9,441.755,441.244,442.867,441.565,442.377
GRID,proxy,proxy-P8-L8,16384,32,400,0,8,8,9,431.095,430.544,435.864,430.794,431.516
GRID,proxy,proxy-P1-L8,16384,64,400,0,1,8,9,610.202,604.380,616.504,607.296,613.488
GRID,proxy,proxy-P2-L8,16384,64,400,0,2,8,9,513.354,510.659,513.845,513.094,513.545
GRID,proxy,proxy-P4-L8,16384,64,400,0,4,8,9,467.045,466.233,468.387,466.403,467.465
GRID,proxy,proxy-P8-L8,16384,64,400,0,8,8,9,443.759,443.249,444.781,443.499,443.910
GRID,proxy,proxy-P1-L8,65536,2,400,0,1,8,9,423.140,422.679,424.933,422.979,424.061
GRID,proxy,proxy-P2-L8,65536,2,400,0,2,8,9,420.064,419.652,421.105,419.883,420.524
GRID,proxy,proxy-P1-L8,65536,4,400,0,1,8,9,429.051,428.409,430.594,428.710,429.311
GRID,proxy,proxy-P2-L8,65536,4,400,0,2,8,9,423.009,422.078,424.051,422.388,423.320
GRID,proxy,proxy-P4-L8,65536,4,400,0,4,8,9,420.605,419.753,422.228,420.134,421.156
GRID,proxy,proxy-P1-L8,65536,8,400,0,1,8,9,441.164,440.173,442.748,440.623,441.825
GRID,proxy,proxy-P2-L8,65536,8,400,0,2,8,9,429.111,428.440,430.193,428.690,429.191
GRID,proxy,proxy-P4-L8,65536,8,400,0,4,8,9,423.701,423.290,426.836,423.560,424.001
GRID,proxy,proxy-P8-L8,65536,8,400,0,8,8,9,421.457,421.005,423.520,421.386,422.018
GRID,proxy,proxy-P1-L8,65536,16,400,0,1,8,9,464.930,463.468,470.782,463.508,465.542
GRID,proxy,proxy-P2-L8,65536,16,400,0,2,8,9,441.144,439.922,441.906,440.573,441.365
GRID,proxy,proxy-P4-L8,65536,16,400,0,4,8,9,430.874,429.441,434.602,430.073,433.500
GRID,proxy,proxy-P8-L8,65536,16,400,0,8,8,9,424.361,423.821,425.184,424.121,425.093
GRID,proxy,proxy-P1-L8,65536,32,400,0,1,8,9,516.140,511.431,518.073,513.173,517.463
GRID,proxy,proxy-P2-L8,65536,32,400,0,2,8,9,465.542,463.618,468.217,464.770,466.233
GRID,proxy,proxy-P4-L8,65536,32,400,0,4,8,9,441.936,441.124,443.349,441.706,442.397
GRID,proxy,proxy-P8-L8,65536,32,400,0,8,8,9,430.834,429.973,432.227,430.264,431.195
GRID,proxy,proxy-P1-L8,65536,64,400,0,1,8,9,611.073,607.376,615.141,610.903,613.608
GRID,proxy,proxy-P2-L8,65536,64,400,0,2,8,9,513.535,510.919,514.566,512.442,513.905
GRID,proxy,proxy-P4-L8,65536,64,400,0,4,8,9,466.464,464.810,471.222,465.872,466.884
GRID,proxy,proxy-P8-L8,65536,64,400,0,8,8,9,443.650,443.188,445.723,443.519,444.140
GRID,proxy,proxy-P1-L8,262144,2,400,0,1,8,9,423.150,422.509,426.916,422.829,423.891
GRID,proxy,proxy-P2-L8,262144,2,400,0,2,8,9,420.224,419.572,423.530,420.104,421.215
GRID,proxy,proxy-P1-L8,262144,4,400,0,1,8,9,429.161,428.540,430.103,428.680,429.271
GRID,proxy,proxy-P2-L8,262144,4,400,0,2,8,9,422.939,422.378,424.522,422.899,423.189
GRID,proxy,proxy-P4-L8,262144,4,400,0,4,8,9,420.615,420.003,421.145,420.103,421.046
GRID,proxy,proxy-P1-L8,262144,8,400,0,1,8,9,441.094,439.411,441.966,440.783,441.385
GRID,proxy,proxy-P2-L8,262144,8,400,0,2,8,9,428.960,428.640,429.873,428.891,429.762
GRID,proxy,proxy-P4-L8,262144,8,400,0,4,8,9,423.510,423.079,424.803,423.270,423.981
GRID,proxy,proxy-P8-L8,262144,8,400,0,8,8,9,421.506,420.815,421.907,420.925,421.647
GRID,proxy,proxy-P1-L8,262144,16,400,0,1,8,9,465.601,463.968,468.568,464.499,466.384
GRID,proxy,proxy-P2-L8,262144,16,400,0,2,8,9,440.974,440.593,441.996,440.964,441.626
GRID,proxy,proxy-P4-L8,262144,16,400,0,4,8,9,429.452,429.041,431.415,429.251,430.023
GRID,proxy,proxy-P8-L8,262144,16,400,0,8,8,9,424.272,423.861,425.083,424.242,424.632
